unit,schedule,treatment,treatment_5,treatment_25,npv_5_percent,stock_0,stock_5,stock_25,harvest_value_25,stock_1_0,stock_1_5,stock_1_25,stock_2_0,stock_2_5,stock_2_25,stock_30_0,stock_30_5,stock_30_25,harvest_value_5
43124559,0,donothing,donothing,donothing,5342.485761323742,47.91707216000586,75.79632964591624,186.19762560080633,0.0,0.0,0.0,0.0,2.6131731716261273,4.810662644135584,17.99317591647298,45.303898988379736,70.98566700178066,174.79570632050203,0.0
43124559,1,below_25,donothing,below,5721.504462008788,47.91707216000586,75.79632964591624,74.82269732636236,9876.593373889815,0.0,0.0,0.0,2.6131731716261273,4.810662644135584,5.707215303476469,45.303898988379736,70.98566700178066,71.76414952708791,0.0
43124559,2,above_25,donothing,above,5751.0661645524215,47.91707216000586,75.79632964591624,70.36179628623793,10646.921895769045,0.0,0.0,0.0,2.6131731716261273,4.810662644135584,7.901034133267103,45.303898988379736,70.98566700178066,64.95151709792758,0.0
43124559,3,even_25,donothing,even,5737.864816424477,47.91707216000586,75.79632964591624,72.13677516090333,10302.9168448014,0.0,0.0,0.0,2.6131731716261273,4.810662644135584,6.970925012222987,45.303898988379736,70.98566700178066,67.7194380177893,0.0
43124559,4,clearcut_25,donothing,clearcut,11523.543963789425,47.91707216000586,75.79632964591624,0.04085380583945073,16818.905398880364,0.0,0.0,0.04230000000000001,2.6131731716261273,4.810662644135584,0.0,45.303898988379736,70.98566700178066,0.0,0.0
43124560,0,donothing,donothing,donothing,4356.185951758491,38.910097156808376,63.395427884393825,164.3829471382053,0.0,0.0,0.0,0.0,0.0,0.0,0.0,38.910097156808376,63.395427884393825,164.3829471382053,0.0
43124560,1,below_25,donothing,below,4795.570086548024,38.910097156808376,63.395427884393825,51.78821245833685,9439.55994161676,0.0,0.0,0.0,0.0,0.0,0.0,38.910097156808376,63.395427884393825,51.78821245833685,0.0
43124560,2,above_25,donothing,above,4829.297358031745,38.910097156808376,63.395427884393825,48.7773316174103,10164.14368424607,0.0,0.0,0.0,0.0,0.0,0.0,38.910097156808376,63.395427884393825,48.7773316174103,0.0
43124560,3,even_25,donothing,even,4826.279860373707,38.910097156808376,63.395427884393825,46.426599565624066,10099.316923875318,0.0,0.0,0.0,0.0,0.0,0.0,38.910097156808376,63.395427884393825,46.426599565624066,0.0
43124560,4,clearcut_25,donothing,clearcut,8662.461785452988,38.910097156808376,63.395427884393825,0.027900000000000008,14074.320833033991,0.0,0.0,0.027900000000000008,0.0,0.0,0.0,38.910097156808376,63.395427884393825,0.0,0.0
43124560,5,below_5,below,donothing,2807.23529479594,38.910097156808376,40.6104796567926,120.03761203391316,0.0,0.0,0.0,0.0,0.0,0.0,0.0,38.910097156808376,40.6104796567926,120.03761203391316,992.2467976543162
43124560,6,below_5 + below_25,below,below,3090.458777821248,38.910097156808376,40.6104796567926,51.81049986080433,6084.664495616143,0.0,0.0,0.0,0.0,0.0,0.0,38.910097156808376,40.6104796567926,51.81049986080433,992.2467976543162
43124560,7,below_5 + above_25,below,above,3109.004216471939,38.910097156808376,40.6104796567926,49.61875557068772,6483.08757447993,0.0,0.0,0.0,0.0,0.0,0.0,38.910097156808376,40.6104796567926,49.61875557068772,992.2467976543162
43124560,8,below_5 + even_25,below,even,3117.2128907560455,38.910097156808376,40.6104796567926,46.505030352570934,6659.439579049164,0.0,0.0,0.0,0.0,0.0,0.0,38.910097156808376,40.6104796567926,46.505030352570934,992.2467976543162
43124560,9,below_5 + clearcut_25,below,clearcut,6964.412500357769,38.910097156808376,40.6104796567926,0.027900000000000008,10871.143189523307,0.0,0.0,0.027900000000000008,0.0,0.0,0.0,38.910097156808376,40.6104796567926,0.0,992.2467976543162
43124560,10,above_5,above,donothing,2603.712348350043,38.910097156808376,39.70976818267118,119.98452673949015,0.0,0.0,0.0,0.0,0.0,0.0,0.0,38.910097156808376,39.70976818267118,119.98452673949015,1179.9768222101404
43124560,11,above_5 + below_25,above,below,2883.079467957466,38.910097156808376,39.70976818267118,50.64806574250046,6001.815865550695,0.0,0.0,0.0,0.0,0.0,0.0,38.910097156808376,39.70976818267118,50.64806574250046,1179.9768222101404
43124560,12,above_5 + above_25,above,above,2903.6694670130487,38.910097156808376,39.70976818267118,48.46164405390151,6444.163494638643,0.0,0.0,0.0,0.0,0.0,0.0,38.910097156808376,39.70976818267118,48.46164405390151,1179.9768222101404
43124560,13,above_5 + even_25,above,even,2905.0314984649062,38.910097156808376,39.70976818267118,46.48446402184686,6473.4248550614675,0.0,0.0,0.0,0.0,0.0,0.0,38.910097156808376,39.70976818267118,46.48446402184686,1179.9768222101404
43124560,14,above_5 + clearcut_25,above,clearcut,6746.755150638883,38.910097156808376,39.70976818267118,0.027900000000000008,10567.485100006012,0.0,0.0,0.027900000000000008,0.0,0.0,0.0,38.910097156808376,39.70976818267118,0.0,1179.9768222101404
43124560,15,even_5,even,donothing,2486.464405108974,38.910097156808376,37.43436621145571,114.33867099758025,0.0,0.0,0.0,0.0,0.0,0.0,0.0,38.910097156808376,37.43436621145571,114.33867099758025,1217.8971465332618
43124560,16,even_5 + below_25,even,below,2747.03806255295,38.910097156808376,37.43436621145571,50.85554719134068,5598.064344828785,0.0,0.0,0.0,0.0,0.0,0.0,38.910097156808376,37.43436621145571,50.85554719134068,1217.8971465332618
43124560,17,even_5 + above_25,even,above,2764.1408249417277,38.910097156808376,37.43436621145571,49.049034180625476,5965.493521153933,0.0,0.0,0.0,0.0,0.0,0.0,38.910097156808376,37.43436621145571,49.049034180625476,1217.8971465332618
43124560,18,even_5 + even_25,even,even,2758.162381525051,38.910097156808376,37.43436621145571,49.21904869943629,5837.054939691943,0.0,0.0,0.0,0.0,0.0,0.0,38.910097156808376,37.43436621145571,49.21904869943629,1217.8971465332618
43124560,19,even_5 + clearcut_25,even,clearcut,6614.675570055277,38.910097156808376,37.43436621145571,0.027900000000000008,10248.847901614135,0.0,0.0,0.027900000000000008,0.0,0.0,0.0,38.910097156808376,37.43436621145571,0.0,1217.8971465332618
43124561,0,donothing,donothing,donothing,601.561923051649,0.016200000000000003,0.6063040470684746,30.4357309042537,0.0,0.016200000000000003,0.6063040470684746,30.4357309042537,0.0,0.0,0.0,0.0,0.0,0.0,0.0
43124561,1,below_25,donothing,below,623.055349751598,0.016200000000000003,0.6063040470684746,20.54409256032676,461.7565215050329,0.016200000000000003,0.6063040470684746,20.54409256032676,0.0,0.0,0.0,0.0,0.0,0.0,0.0
43124561,2,above_25,donothing,above,623.2195461389473,0.016200000000000003,0.6063040470684746,20.468526606897694,465.28405360703687,0.016200000000000003,0.6063040470684746,20.468526606897694,0.0,0.0,0.0,0.0,0.0,0.0,0.0
43124561,3,first_25,donothing,first,626.7884625393817,0.016200000000000003,0.6063040470684746,18.826050941866068,541.9572823858985,0.016200000000000003,0.6063040470684746,18.826050941866068,0.0,0.0,0.0,0.0,0.0,0.0,0.0
43124561,4,even_25,donothing,even,624.3052158604667,0.016200000000000003,0.6063040470684746,19.968883046280858,488.608164792771,0.016200000000000003,0.6063040470684746,19.968883046280858,0.0,0.0,0.0,0.0,0.0,0.0,0.0
43124562,0,donothing,donothing,donothing,5456.228153321029,52.12804907945051,85.90579847270322,227.57048019997038,0.0,0.0,0.0,0.0,0.0,0.0,0.0,52.12804907945051,85.90579847270322,227.57048019997038,0.0
43124562,1,below_25,donothing,below,6015.960052501926,52.12804907945051,85.90579847270322,68.32946536633139,12025.065074513657,0.0,0.0,0.0,0.0,0.0,0.0,52.12804907945051,85.90579847270322,68.32946536633139,0.0
43124562,2,above_25,donothing,above,6079.0666934544015,52.12804907945051,85.90579847270322,63.108259485836776,13380.823903335155,0.0,0.0,0.0,0.0,0.0,0.0,52.12804907945051,85.90579847270322,63.108259485836776,0.0
43124562,3,even_25,donothing,even,6050.744583973652,52.12804907945051,85.90579847270322,64.27262523963627,12772.362584528953,0.0,0.0,0.0,0.0,0.0,0.0,52.12804907945051,85.90579847270322,64.27262523963627,0.0
43124562,4,below_5,below,donothing,3449.549927461048,52.12804907945051,52.982124547595895,160.85580312595084,0.0,0.0,0.0,0.0,0.0,0.0,0.0,52.12804907945051,52.982124547595895,160.85580312595084,1379.1150941838375
43124562,5,below_5 + below_25,below,below,3812.37833087199,52.12804907945051,52.982124547595895,67.82236275283688,7794.866021184949,0.0,0.0,0.0,0.0,0.0,0.0,52.12804907945051,52.982124547595895,67.82236275283688,1379.1150941838375
43124562,6,below_5 + above_25,below,above,3845.9978101620923,52.12804907945051,52.982124547595895,64.71360120398472,8517.13399774013,0.0,0.0,0.0,0.0,0.0,0.0,52.12804907945051,52.982124547595895,64.71360120398472,1379.1150941838375
43124562,7,below_5 + even_25,below,even,3844.2978367794935,52.12804907945051,52.982124547595895,62.318833905543606,8480.612422713544,0.0,0.0,0.0,0.0,0.0,0.0,52.12804907945051,52.982124547595895,62.318833905543606,1379.1150941838375
43124562,8,below_5 + clearcut_25,below,clearcut,9040.681527541432,52.12804907945051,52.982124547595895,0.03780000000000001,13844.100676611668,0.0,0.0,0.03780000000000001,0.0,0.0,0.0,52.12804907945051,52.982124547595895,0.0,1379.1150941838375
43124562,9,above_5,above,donothing,3101.5646211618573,52.12804907945051,50.45761598029717,160.9543506521133,0.0,0.0,0.0,0.0,0.0,0.0,0.0,52.12804907945051,50.45761598029717,160.9543506521133,1684.7120683307792
43124562,10,above_5 + below_25,above,below,3450.649689625639,52.12804907945051,50.45761598029717,67.48083691571807,7499.609493332444,0.0,0.0,0.0,0.0,0.0,0.0,52.12804907945051,50.45761598029717,67.48083691571807,1684.7120683307792
43124562,11,above_5 + above_25,above,above,3492.303293194583,52.12804907945051,50.45761598029717,63.22460200008527,8394.479509205254,0.0,0.0,0.0,0.0,0.0,0.0,52.12804907945051,50.45761598029717,63.22460200008527,1684.7120683307792
43124562,12,above_5 + even_25,above,even,3480.5910842065955,52.12804907945051,50.45761598029717,62.35701323631922,8142.858911106492,0.0,0.0,0.0,0.0,0.0,0.0,52.12804907945051,50.45761598029717,62.35701323631922,1684.7120683307792
43124562,13,even_5,even,donothing,3152.681451146786,52.12804907945051,50.72651494014655,157.53884366151294,0.0,0.0,0.0,0.0,0.0,0.0,0.0,52.12804907945051,50.72651494014655,157.53884366151294,1579.630413807632
43124562,14,even_5 + below_25,even,below,3497.1460248673197,52.12804907945051,50.72651494014655,66.98545595106849,7400.3445594500845,0.0,0.0,0.0,0.0,0.0,0.0,52.12804907945051,50.72651494014655,66.98545595106849,1579.630413807632
43124562,15,even_5 + above_25,even,above,3531.800584954163,52.12804907945051,50.72651494014655,63.985504689123914,8144.849814167177,0.0,0.0,0.0,0.0,0.0,0.0,52.12804907945051,50.72651494014655,63.985504689123914,1579.630413807632
43124562,16,even_5 + even_25,even,even,3530.5065038636553,52.12804907945051,50.72651494014655,61.03377584783789,8117.048273201236,0.0,0.0,0.0,0.0,0.0,0.0,52.12804907945051,50.72651494014655,61.03377584783789,1579.630413807632
43124562,17,even_5 + clearcut_25,even,clearcut,8716.187483773974,52.12804907945051,50.72651494014655,0.03780000000000001,13250.603599115859,0.0,0.0,0.03780000000000001,0.0,0.0,0.0,52.12804907945051,50.72651494014655,0.0,1579.630413807632
43124563,0,donothing,donothing,donothing,41335.45026450067,498.5624357898213,697.9623990202323,1425.2641794598442,0.0,0.0,0.0,0.0,32.58116504156665,53.35527520773215,160.35297462657644,465.98127074825464,644.6071238125003,1318.41005454269,0.0
43124563,1,below_25,donothing,below,44229.512382910994,498.5624357898213,697.9623990202323,605.4328522183013,76396.40920952268,0.0,0.0,0.0,32.58116504156665,53.35527520773215,42.187007823280624,465.98127074825464,644.6071238125003,585.9714286317964,0.0
43124563,2,above_25,donothing,above,44392.109183002336,498.5624357898213,697.9623990202323,576.0761341405944,80688.58096247753,0.0,0.0,0.0,32.58116504156665,53.35527520773215,84.10445919674846,465.98127074825464,644.6071238125003,513.5953226617396,0.0
43124563,3,even_25,donothing,even,44451.05881809796,498.5624357898213,697.9623990202323,552.1765453605168,82244.71219299533,0.0,0.0,0.0,32.58116504156665,53.35527520773215,62.12402784243283,465.98127074825464,644.6071238125003,510.7790680334457,0.0
43124563,4,clearcut_25,donothing,clearcut,87762.01770916206,498.5624357898213,697.9623990202323,0.3044713354406077,134259.65236534888,0.0,0.0,0.31590000000000007,32.58116504156665,53.35527520773215,0.0,465.98127074825464,644.6071238125003,0.0,0.0
43124564,0,donothing,donothing,donothing,2392.5504957446124,20.42743917492173,35.245503285006876,104.1035487015741,0.0,0.0,0.0,0.0,1.531363820256523,3.1083628362272915,12.910809915491809,18.896075354665207,32.13714044877958,96.09396232571454,0.0
43124564,1,below_25,donothing,below,2568.279381547554,20.42743917492173,35.245503285006876,27.5243449303502,4925.278756233586,0.0,0.0,0.0,1.531363820256523,3.1083628362272915,2.354856947410532,18.896075354665207,32.13714044877958,26.46534166869928,0.0
43124564,2,above_25,donothing,above,2597.0341728919534,20.42743917492173,35.245503285006876,23.27270199315978,5731.209791995848,0.0,0.0,0.0,1.531363820256523,3.1083628362272915,3.7798582362638644,18.896075354665207,32.13714044877958,20.588528930575276,0.0
43124564,3,even_25,donothing,even,2587.6694801726003,20.42743917492173,35.245503285006876,23.815552774708372,5468.738873236268,0.0,0.0,0.0,1.531363820256523,3.1083628362272915,2.953579188621587,18.896075354665207,32.13714044877958,21.983216323002143,0.0
43124564,4,below_5,below,donothing,1550.3868217893546,20.42743917492173,19.541543028289134,68.88301508877149,0.0,0.0,0.0,0.0,1.531363820256523,1.3632376275413143,6.941380945224769,18.896075354665207,18.17830540074782,64.73070580238846,587.3576859896241
43124564,5,below_5 + below_25,below,below,1668.5920132066158,20.42743917492173,19.541543028289134,27.553674120789868,3177.533876296926,0.0,0.0,0.0,1.531363820256523,1.3632376275413143,2.117884926160935,18.896075354665207,18.17830540074782,26.551436810927637,587.3576859896241
43124564,6,below_5 + above_25,below,above,1687.3166709155032,20.42743917492173,19.541543028289134,24.99417315602647,3680.8809245837024,0.0,0.0,0.0,1.531363820256523,1.3632376275413143,3.0509303520171787,18.896075354665207,18.17830540074782,22.955256286517542,587.3576859896241
43124564,7,below_5 + even_25,below,even,1685.0708310066263,20.42743917492173,19.541543028289134,24.018022250537623,3620.509359632701,0.0,0.0,0.0,1.531363820256523,1.3632376275413143,2.4203098801208367,18.896075354665207,18.17830540074782,22.570201525748843,587.3576859896241
43124564,8,above_5,above,donothing,1282.615513164189,20.42743917492173,17.840660399528538,66.95700882643942,0.0,0.0,0.0,0.0,1.531363820256523,1.8751850788923226,10.386633825880969,18.896075354665207,15.965475320636216,60.826099374052795,697.8964608593203
43124564,9,above_5 + below_25,above,below,1372.7390644761817,20.42743917492173,17.840660399528538,25.336284811301976,2827.408251943203,0.0,0.0,0.0,1.531363820256523,1.8751850788923226,3.3793229763274533,18.896075354665207,15.965475320636216,23.567312217930624,697.8964608593203
43124564,10,above_5 + above_25,above,above,1389.4672611001286,20.42743917492173,17.840660399528538,22.755979756684688,3352.2149255166833,0.0,0.0,0.0,1.531363820256523,1.8751850788923226,4.056882125463643,18.896075354665207,15.965475320636216,20.14544625686374,697.8964608593203
43124564,11,above_5 + even_25,above,even,1382.2362190869492,20.42743917492173,17.840660399528538,23.34646539136485,3125.3584872097445,0.0,0.0,0.0,1.531363820256523,1.8751850788923226,3.621595280298072,18.896075354665207,15.965475320636216,21.208749447112318,697.8964608593203
43124564,12,even_5,even,donothing,1396.3026042817241,20.42743917492173,18.73090551128734,67.51439555208808,0.0,0.0,0.0,0.0,1.531363820256523,1.6519114540474682,8.683559069999149,18.896075354665207,17.078994057239875,62.34666029006478,645.5000988807411
43124564,13,even_5 + below_25,even,below,1498.6248639552446,20.42743917492173,18.73090551128734,26.207122958510134,2963.6344870103226,0.0,0.0,0.0,1.531363820256523,1.6519114540474682,2.770620464922533,18.896075354665207,17.078994057239875,24.801242947569655,645.5000988807411
43124564,14,even_5 + above_25,even,above,1517.514031026877,20.42743917492173,18.73090551128734,23.49119487655483,3510.735256119663,0.0,0.0,0.0,1.531363820256523,1.6519114540474682,3.532786946929528,18.896075354665207,17.078994057239875,21.18171595970419,645.5000988807411
43124564,15,even_5 + even_25,even,even,1511.3202996232724,20.42743917492173,18.73090551128734,23.540814125396462,3331.3416808646894,0.0,0.0,0.0,1.531363820256523,1.6519114540474682,3.0277698310435093,18.896075354665207,17.078994057239875,21.73893625538441,645.5000988807411
43124565,0,donothing,donothing,donothing,6270.768944889611,62.44339071394591,99.87560211550306,249.41014307707917,0.0,0.0,0.0,0.0,8.888601901190713,13.610199867758444,35.77200356007241,53.554788812755184,86.2654022477446,224.7190413631638,0.0
43124565,1,below_25,donothing,below,6761.321241952661,62.44339071394591,99.87560211550306,72.00944497426616,13517.140334302583,0.0,0.0,0.0,8.888601901190713,13.610199867758444,9.919334408858258,53.554788812755184,86.2654022477446,65.28937737112669,0.0
43124565,2,above_25,donothing,above,6815.771321131297,62.44339071394591,99.87560211550306,65.81244919721316,15017.509134689586,0.0,0.0,0.0,8.888601901190713,13.610199867758444,9.578012550496272,53.554788812755184,86.2654022477446,59.158380640382525,0.0
43124565,3,even_25,donothing,even,6803.524733626339,62.44339071394591,99.87560211550306,63.39671199262751,14680.055120281726,0.0,0.0,0.0,8.888601901190713,13.610199867758444,9.092763346021146,53.554788812755184,86.2654022477446,57.12056522158775,0.0
43124565,4,below_5,below,donothing,3512.0043284176472,62.44339071394591,56.327404426970595,163.57659702514064,0.0,0.0,0.0,0.0,8.888601901190713,8.344552063949447,24.826829880112722,53.554788812755184,47.98285236302116,146.9909060531097,1864.5076433681154
43124565,5,below_5 + below_25,below,below,3787.068575742166,62.44339071394591,56.327404426970595,71.31931057314348,7877.649886948765,0.0,0.0,0.0,8.888601901190713,8.344552063949447,10.47437802475781,53.554788812755184,47.98285236302116,64.43806479316244,1864.5076433681154
43124565,6,below_5 + above_25,below,above,3814.673636375433,62.44339071394591,56.327404426970595,67.06833656225906,8668.239739654251,0.0,0.0,0.0,8.888601901190713,8.344552063949447,10.316600919172734,53.554788812755184,47.98285236302116,60.130699920345386,1864.5076433681154
43124565,7,below_5 + even_25,below,even,3818.560144208104,62.44339071394591,56.327404426970595,63.372925208435994,8779.546637175448,0.0,0.0,0.0,8.888601901190713,8.344552063949447,9.618422572473081,53.554788812755184,47.98285236302116,56.94728870164883,1864.5076433681154
43124565,8,below_5 + clearcut_25,below,clearcut,9665.843078968437,62.44339071394591,56.327404426970595,0.04112793684019039,14332.093188757417,0.0,0.0,0.04320000000000001,8.888601901190713,8.344552063949447,0.0,53.554788812755184,47.98285236302116,0.0,1864.5076433681154
43124565,9,above_5,above,donothing,3020.496440705006,62.44339071394591,53.1912839662859,165.9647123511549,0.0,0.0,0.0,0.0,8.888601901190713,6.536608751604569,20.677938737350114,53.554788812755184,46.654675214681326,152.35743860667756,2277.3340530959695
43124565,10,above_5 + below_25,above,below,3299.7318430161745,62.44339071394591,53.1912839662859,70.72393867011151,7606.020119486816,0.0,0.0,0.0,8.888601901190713,6.536608751604569,8.716536772801632,53.554788812755184,46.654675214681326,65.02048383640776,2277.3340530959695
43124565,11,above_5 + above_25,above,above,3332.4457392503214,62.44339071394591,53.1912839662859,66.51709278360603,8497.105386198225,0.0,0.0,0.0,8.888601901190713,6.536608751604569,8.356907415876625,53.554788812755184,46.654675214681326,60.994041268239094,2277.3340530959695
43124565,12,above_5 + even_25,above,even,3327.595443673102,62.44339071394591,53.1912839662859,64.29813001582879,8364.98945304479,0.0,0.0,0.0,8.888601901190713,6.536608751604569,8.011057137136223,53.554788812755184,46.654675214681326,59.02639336778652,2277.3340530959695
43124565,13,even_5,even,donothing,3154.726040621757,62.44339071394591,53.07798986386505,161.751607840757,0.0,0.0,0.0,0.0,8.888601901190713,7.233018227921416,22.412256579727146,53.554788812755184,45.844971635943644,146.92897043693276,2152.0202142932676
43124565,14,even_5 + below_25,even,below,3423.7859114550697,62.44339071394591,53.07798986386505,70.83509529292222,7533.391361141579,0.0,0.0,0.0,8.888601901190713,7.233018227921416,9.626403281294895,53.554788812755184,45.844971635943644,64.53237704164778,2152.0202142932676
43124565,15,even_5 + above_25,even,above,3450.781826185634,62.44339071394591,53.07798986386505,67.48275074039313,8289.24837611549,0.0,0.0,0.0,8.888601901190713,7.233018227921416,9.435294863877898,53.554788812755184,45.844971635943644,61.21384405589076,2152.0202142932676
43124565,16,even_5 + even_25,even,even,3435.1916795591446,62.44339071394591,53.07798986386505,69.62876334022482,7852.740785625772,0.0,0.0,0.0,8.888601901190713,7.233018227921416,9.647741559679288,53.554788812755184,45.844971635943644,63.248103972158916,2152.0202142932676
43124565,17,even_5 + clearcut_25,even,clearcut,9300.57908772093,62.44339071394591,53.07798986386505,0.04126384095488604,13788.039817032777,0.0,0.0,0.04320000000000001,8.888601901190713,7.233018227921416,0.0,53.554788812755184,45.844971635943644,0.0,2152.0202142932676
43124566,0,donothing,donothing,donothing,29352.574469883195,498.58447316571227,619.057391396318,882.5392923236915,0.0,36.78116745589762,43.141993727592485,67.29918779676807,375.2251141202435,465.018974899001,761.2657338567805,86.57819158957062,110.8964227697244,202.09775014903317,0.0
43124566,1,below_25,donothing,below,29607.30490526617,498.58447316571227,619.057391396318,538.7970770792361,32645.084580273815,36.78116745589762,43.141993727592485,35.20555330408262,375.2251141202435,465.018974899001,487.06301843994544,86.57819158957062,110.8964227697244,106.95897636861855,0.0
43124566,2,above_25,donothing,above,29616.991100814514,498.58447316571227,619.057391396318,530.6466136198485,33886.422987523445,36.78116745589762,43.141993727592485,43.950119629161534,375.2251141202435,465.018974899001,444.71381502390636,86.57819158957062,110.8964227697244,131.0451948253627,0.0
43124566,3,even_25,donothing,even,29622.693041346487,498.58447316571227,619.057391396318,521.1306267242167,34617.157540927205,36.78116745589762,43.141993727592485,39.73949740211357,375.2251141202435,465.018974899001,449.51980318509027,86.57819158957062,110.8964227697244,119.33670048550262,0.0
43124566,4,clearcut_25,donothing,clearcut,57690.31439311845,498.58447316571227,619.057391396318,0.18110392995994148,84533.11894929844,36.78116745589762,43.141993727592485,0.21150000000000008,375.2251141202435,465.018974899001,0.0,86.57819158957062,110.8964227697244,0.0,0.0
43124567,0,donothing,donothing,donothing,6809.41570086216,118.05035831637993,144.31717256365212,229.62808045996002,0.0,15.926878975832542,18.064759654008494,26.113978244522567,7.673132149356441,9.689129483046472,18.40603970377293,94.45034719119097,116.56328342659717,189.46651762202782,0.0
43124567,1,below_25,donothing,below,7355.544008660728,118.05035831637993,144.31717256365212,93.42373193825175,12951.988805026276,15.926878975832542,18.064759654008494,10.730947099420408,7.673132149356441,9.689129483046472,5.812105137869592,94.45034719119097,116.56328342659717,78.65390857209923,0.0
43124567,2,above_25,donothing,above,7370.778024474325,118.05035831637993,144.31717256365212,91.10643001520286,13313.278999026197,15.926878975832542,18.064759654008494,10.148632180297264,7.673132149356441,9.689129483046472,8.318797869552617,94.45034719119097,116.56328342659717,74.36824529410949,0.0
43124567,3,even_25,donothing,even,7376.764797016101,118.05035831637993,144.31717256365212,88.96262321992906,13455.261404684417,15.926878975832542,18.064759654008494,10.117090221228297,7.673132149356441,9.689129483046472,7.130876902589126,94.45034719119097,116.56328342659717,73.40321090625315,0.0
43124567,4,clearcut_25,donothing,clearcut,13860.10116855645,118.05035831637993,144.31717256365212,0.045928258817680166,21964.92237019078,15.926878975832542,18.064759654008494,0.046800000000000015,7.673132149356441,9.689129483046472,0.0,94.45034719119097,116.56328342659717,0.0,0.0
43124567,5,below_5,below,donothing,2543.126915284446,118.05035831637993,91.77635076138188,157.90896156929136,0.0,15.926878975832542,12.723345202652057,19.634659067889135,7.673132149356441,5.492517097990966,11.236880655418027,94.45034719119097,73.56048846073885,129.90960362469775,3691.5102558056833
43124567,6,below_5 + below_25,below,below,2811.8611384549986,118.05035831637993,91.77635076138188,91.8411933078002,6345.802825066264,15.926878975832542,12.723345202652057,11.343882711251883,7.673132149356441,5.492517097990966,5.554839343485306,94.45034719119097,73.56048846073885,76.61295657151796,3691.5102558056833
43124567,7,below_5 + above_25,below,above,2813.7159071148117,118.05035831637993,91.77635076138188,91.96148585513957,6389.600730902013,15.926878975832542,12.723345202652057,11.40784241221935,7.673132149356441,5.492517097990966,7.071054613473389,94.45034719119097,73.56048846073885,75.15526213051632,3691.5102558056833
43124567,8,below_5 + even_25,below,even,2845.7083050335805,118.05035831637993,91.77635076138188,83.91929644534576,7145.058843747953,15.926878975832542,12.723345202652057,10.434662849698073,7.673132149356441,5.492517097990966,5.971739092396016,94.45034719119097,73.56048846073885,69.03928965991302,3691.5102558056833
43124567,9,below_5 + clearcut_25,below,clearcut,9313.41846788742,118.05035831637993,91.77635076138188,0.04596396845771367,15249.005661502506,15.926878975832542,12.723345202652057,0.046800000000000015,7.673132149356441,5.492517097990966,0.0,94.45034719119097,73.56048846073885,0.0,3691.5102558056833
43124567,10,above_5,above,donothing,2452.9920811719367,118.05035831637993,90.88989279424433,160.37271855043036,0.0,15.926878975832542,10.572399638558391,16.205877083204648,7.673132149356441,6.538364736814843,13.60787531312952,94.45034719119097,73.77912841887107,134.0937214422536,3932.8031587242135
43124567,11,above_5 + below_25,above,below,2722.654064176636,118.05035831637993,90.88989279424433,92.12224479369405,6504.284821683286,15.926878975832542,10.572399638558391,9.412471006285653,7.673132149356441,6.538364736814843,6.952145696782096,94.45034719119097,73.77912841887107,77.78808311367962,3932.8031587242135
43124567,12,above_5 + above_25,above,above,2729.2903082844905,118.05035831637993,90.88989279424433,91.21023889703707,6664.351959596733,15.926878975832542,10.572399638558391,9.091004547491384,7.673132149356441,6.538364736814843,8.325172725010804,94.45034719119097,73.77912841887107,75.80441523822641,3932.8031587242135
43124567,13,above_5 + even_25,above,even,2751.728362602243,118.05035831637993,90.88989279424433,85.22863791915928,7205.560974308071,15.926878975832542,10.572399638558391,8.612467522975363,7.673132149356441,6.538364736814843,7.2317828642848685,94.45034719119097,73.77912841887107,71.26290141699269,3932.8031587242135
43124567,14,above_5 + clearcut_25,above,clearcut,9215.077392258205,118.05035831637993,90.88989279424433,0.04579073212702509,15378.129487018861,15.926878975832542,10.572399638558391,0.046800000000000015,7.673132149356441,6.538364736814843,0.0,94.45034719119097,73.77912841887107,0.0,3932.8031587242135
43124567,15,even_5,even,donothing,2001.0848672965012,118.05035831637993,85.217847227111,151.34875502545216,0.0,15.926878975832542,10.66705992809548,16.55943198494629,7.673132149356441,5.721334068444113,11.986137027955763,94.45034719119097,68.82945323057137,125.93558749230603,4264.930141257972
43124567,16,even_5 + below_25,even,below,2237.7524337905024,118.05035831637993,85.217847227111,92.14400544621257,5666.044614395535,15.926878975832542,10.66705992809548,10.137293503562988,7.673132149356441,5.721334068444113,6.4711219480602695,94.45034719119097,68.82945323057137,77.44265569170591,4264.930141257972
43124567,17,even_5 + above_25,even,above,2244.070730647278,118.05035831637993,85.217847227111,91.15983602675185,5817.310596498045,15.926878975832542,10.66705992809548,9.890267322687894,7.673132149356441,5.721334068444113,7.7358365182450575,94.45034719119097,68.82945323057137,75.4204289426999,4264.930141257972
43124567,18,even_5 + even_25,even,even,2250.277107137804,118.05035831637993,85.217847227111,89.36992635497931,5965.897099541032,15.926878975832542,10.66705992809548,9.778178992790933,7.673132149356441,5.721334068444113,7.0776940536375985,94.45034719119097,68.82945323057137,74.36370505833179,4264.930141257972
43124567,19,even_5 + clearcut_25,even,clearcut,8734.119523626812,118.05035831637993,85.217847227111,0.04585104031735011,14568.37952563071,15.926878975832542,10.66705992809548,0.046800000000000015,7.673132149356441,5.721334068444113,0.0,94.45034719119097,68.82945323057137,0.0,4264.930141257972
43124567,20,clearcut_5,clearcut,donothing,-5321.388694123771,118.05035831637993,0.046800000000000015,60.14991952383336,0.0,15.926878975832542,0.046800000000000015,60.14991952383336,7.673132149356441,0.0,0.0,94.45034719119097,0.0,0.0,10414.71549231513
43124567,21,clearcut_5 + first_25,clearcut,first,-5270.251760144092,118.05035831637993,0.046800000000000015,37.205791202029886,1098.6062429467781,15.926878975832542,0.046800000000000015,37.205791202029886,7.673132149356441,0.0,0.0,94.45034719119097,0.0,0.0,10414.71549231513
43124568,0,donothing,donothing,donothing,4171.918238930349,43.9259553501804,64.33519614743516,139.23280829019535,0.0,0.0,0.0,0.0,3.42287502604082,6.460006708218826,24.961918389550846,40.50308032413958,57.87518943921635,123.5218457413105,0.0
43124568,1,below_25,donothing,below,4407.929358122888,43.9259553501804,64.33519614743516,53.9243906503835,7562.1850752637565,0.0,0.0,0.0,3.42287502604082,6.460006708218826,5.335051389351336,40.50308032413958,57.87518943921635,52.172202831533376,0.0
43124568,2,above_25,donothing,above,4432.534238702999,43.9259553501804,64.33519614743516,48.798377161491366,8350.565984341929,0.0,0.0,0.0,3.42287502604082,6.460006708218826,12.440982043350916,40.50308032413958,57.87518943921635,39.59967427461789,0.0
43124568,3,even_25,donothing,even,4428.2934363377935,43.9259553501804,64.33519614743516,48.547478405367684,8214.683690054067,0.0,0.0,0.0,3.42287502604082,6.460006708218826,8.703682765972095,40.50308032413958,57.87518943921635,43.06940449135298,0.0
43124568,4,clearcut_25,donothing,clearcut,8452.256857950899,43.9259553501804,64.33519614743516,0.027849606523810685,12612.331904559249,0.0,0.0,0.02970000000000001,3.42287502604082,6.460006708218826,0.0,40.50308032413958,57.87518943921635,0.0,0.0
43124568,5,below_5,below,donothing,2924.24441623076,43.9259553501804,48.047867996184344,111.16314734447269,0.0,0.0,0.0,0.0,3.42287502604082,3.7992520676611288,16.20629423703621,40.50308032413958,44.24861592852321,101.16037419212402,848.3605583193442
43124568,6,below_5 + below_25,below,below,3101.7903044104596,43.9259553501804,48.047867996184344,53.91890842330418,5273.931542800722,0.0,0.0,0.0,3.42287502604082,3.7992520676611288,5.12074783456721,40.50308032413958,44.24861592852321,51.80713517480905,848.3605583193442
43124568,7,below_5 + above_25,below,above,3117.054933374268,43.9259553501804,48.047867996184344,50.56691453439658,5727.3614082105905,0.0,0.0,0.0,3.42287502604082,3.7992520676611288,9.422279506609277,40.50308032413958,44.24861592852321,43.96654973599224,848.3605583193442
43124568,8,below_5 + even_25,below,even,3123.4717071682308,43.9259553501804,48.047867996184344,47.85208989219407,5917.969177627023,0.0,0.0,0.0,3.42287502604082,3.7992520676611288,6.976278264656059,40.50308032413958,44.24861592852321,43.546224041039636,848.3605583193442
43124568,9,below_5 + clearcut_25,below,clearcut,7160.768246137966,43.9259553501804,48.047867996184344,0.028130179720689402,10390.919156080587,0.0,0.0,0.02970000000000001,3.42287502604082,3.7992520676611288,0.0,40.50308032413958,44.24861592852321,0.0,848.3605583193442
43124568,10,above_5,above,donothing,2673.1569465097773,43.9259553501804,45.713947679493984,107.8845250368633,0.0,0.0,0.0,0.0,3.42287502604082,5.275113318527994,23.183834791524685,40.50308032413958,40.43883436096601,93.65505098183694,1149.7070523134857
43124568,11,above_5 + below_25,above,below,2813.502461734872,43.9259553501804,45.713947679493984,51.11881096501728,5124.475914794627,0.0,0.0,0.0,3.42287502604082,5.275113318527994,7.694452523676834,40.50308032413958,40.43883436096601,47.66719376591762,1149.7070523134857
43124568,12,above_5 + above_25,above,above,2827.457629180705,43.9259553501804,45.713947679493984,47.607863230098154,5634.024932790714,0.0,0.0,0.0,3.42287502604082,5.275113318527994,13.156985805763586,40.50308032413958,40.43883436096601,38.402305871653695,1149.7070523134857
43124568,13,above_5 + even_25,above,even,2827.837824969193,43.9259553501804,45.713947679493984,46.4407504947937,5647.907130293594,0.0,0.0,0.0,3.42287502604082,5.275113318527994,9.979880679808568,40.50308032413958,40.43883436096601,40.31542849855913,1149.7070523134857
43124568,14,above_5 + clearcut_25,above,clearcut,6831.465064766641,43.9259553501804,45.713947679493984,0.027423835586810833,9916.737419620027,0.0,0.0,0.02970000000000001,3.42287502604082,5.275113318527994,0.0,40.50308032413958,40.43883436096601,0.0,1149.7070523134857
43124568,15,even_5,even,donothing,2414.0234223041343,43.9259553501804,42.21032219233223,101.99132094578049,0.0,0.0,0.0,0.0,3.42287502604082,4.238410401262371,19.134902521976414,40.50308032413958,37.97191179106986,90.30466448416107,1291.9733986641243
43124568,16,even_5 + below_25,even,below,2548.1741630235283,43.9259553501804,42.21032219233223,52.455065673497884,4518.521132446463,0.0,0.0,0.0,3.42287502604082,4.238410401262371,6.993403347007545,40.50308032413958,37.97191179106986,49.29236314127925,1291.9733986641243
43124568,17,even_5 + above_25,even,above,2563.044468896238,43.9259553501804,42.21032219233223,48.671128746665744,5019.388969414383,0.0,0.0,0.0,3.42287502604082,4.238410401262371,11.493717889065984,40.50308032413958,37.97191179106986,40.73177744074459,1291.9733986641243
43124568,18,even_5 + even_25,even,even,2560.6111484196067,43.9259553501804,42.21032219233223,48.78213263527187,4937.428855465591,0.0,0.0,0.0,3.42287502604082,4.238410401262371,9.152164558063502,40.50308032413958,37.97191179106986,43.19244107831435,1291.9733986641243
43124568,19,even_5 + clearcut_25,even,clearcut,6581.7181753128225,43.9259553501804,42.21032219233223,0.027678675226481878,9464.058878441769,0.0,0.0,0.02970000000000001,3.42287502604082,4.238410401262371,0.0,40.50308032413958,37.97191179106986,0.0,1291.9733986641243
43124569,0,donothing,donothing,donothing,5280.149714295554,95.36124329165303,114.3946666293852,148.49268386108133,0.0,0.0,0.0,0.0,90.5018037531495,108.38660763370876,167.55259336053945,4.859439538503545,6.008058995676423,10.523083363957197,0.0
43124569,1,below_25,donothing,below,5283.354447398343,95.36124329165303,114.3946666293852,88.69712057749072,5740.925202259722,0.0,0.0,0.0,90.5018037531495,108.38660763370876,101.44101663866775,4.859439538503545,6.008058995676423,4.926511778606854,0.0
43124569,2,above_25,donothing,above,5283.45849302157,95.36124329165303,114.3946666293852,87.35507595641464,5927.311438303274,0.0,0.0,0.0,90.5018037531495,108.38660763370876,97.77423066289776,4.859439538503545,6.008058995676423,6.983888469834732,0.0
43124569,3,even_25,donothing,even,5283.4290352996095,95.36124329165303,114.3946666293852,87.68344489312992,5874.5411847544465,0.0,0.0,0.0,90.5018037531495,108.38660763370876,98.93813085346495,4.859439538503545,6.008058995676423,6.213775495583087,0.0
43124569,4,clearcut_25,donothing,clearcut,9881.54872215481,95.36124329165303,114.3946666293852,0.02926897878135068,14345.293606394087,0.0,0.0,0.03510000000000001,90.5018037531495,108.38660763370876,0.0,4.859439538503545,6.008058995676423,0.0,0.0
43124569,5,clearcut_5,clearcut,donothing,-4412.3809680739905,95.36124329165303,0.03510000000000001,45.11243964287502,0.0,0.0,0.03510000000000001,45.11243964287502,90.5018037531495,0.0,0.0,4.859439538503545,0.0,0.0,8587.434719780766
43124569,6,clearcut_5 + first_25,clearcut,first,-4374.028267589247,95.36124329165303,0.03510000000000001,27.904343401522414,823.9546822100837,0.0,0.03510000000000001,27.904343401522414,90.5018037531495,0.0,0.0,4.859439538503545,0.0,0.0,8587.434719780766
43124570,0,donothing,donothing,donothing,8574.55843814568,165.222047562456,194.8445966360913,246.82580865218938,0.0,8.2709042311523,9.454809076496161,13.770673622632565,156.95114333130368,185.38978755959513,280.7204824995184,0.0,0.0,0.0,0.0
43124570,1,below_25,donothing,below,8594.4155063702,165.222047562456,194.8445966360913,141.58378365852113,10088.197301064778,8.2709042311523,9.454809076496161,10.711423652985161,156.95114333130368,185.38978755959513,158.21407228856967,0.0,0.0,0.0,0.0
43124570,2,above_25,donothing,above,8595.054253138022,165.222047562456,194.8445966360913,139.27671761280757,10412.706606584756,8.2709042311523,9.454809076496161,5.477708279803018,156.95114333130368,185.38978755959513,160.69519646894943,0.0,0.0,0.0,0.0
43124570,3,even_25,donothing,even,8596.480356221035,165.222047562456,194.8445966360913,131.17335457592822,11137.22490457357,8.2709042311523,9.454809076496161,7.318300560685473,156.95114333130368,185.38978755959513,149.1863739400266,0.0,0.0,0.0,0.0
43124570,4,clearcut_25,donothing,clearcut,16041.437565274604,165.222047562456,194.8445966360913,0.047522728814220115,23769.0982449885,8.2709042311523,9.454809076496161,0.056700000000000014,156.95114333130368,185.38978755959513,0.0,0.0,0.0,0.0,0.0
43124570,5,clearcut_5,clearcut,donothing,-7698.6880557000695,165.222047562456,0.056700000000000014,72.87394096156734,0.0,8.2709042311523,0.056700000000000014,72.87394096156734,156.95114333130368,0.0,0.0,0.0,0.0,0.0,14609.494298540054
43124570,6,clearcut_5 + first_25,clearcut,first,-7636.733693378526,165.222047562456,0.056700000000000014,45.07624703322852,1331.003717416289,8.2709042311523,0.056700000000000014,45.07624703322852,156.95114333130368,0.0,0.0,0.0,0.0,0.0,14609.494298540054
43124571,0,donothing,donothing,donothing,3239.1642915711873,73.87192063694751,81.56992301629298,109.98540452481025,0.0,73.87192063694751,81.56992301629298,109.98540452481025,0.0,0.0,0.0,0.0,0.0,0.0,0.0
43124571,1,below_25,donothing,below,3483.0668796589043,73.87192063694751,81.56992301629298,53.275735603654695,5239.909495758814,73.87192063694751,81.56992301629298,53.275735603654695,0.0,0.0,0.0,0.0,0.0,0.0,0.0
43124571,2,above_25,donothing,above,3491.17325166888,73.87192063694751,81.56992301629298,52.77321594658837,5414.063677574859,73.87192063694751,81.56992301629298,52.77321594658837,0.0,0.0,0.0,0.0,0.0,0.0,0.0
43124571,3,even_25,donothing,even,3489.0852598409433,73.87192063694751,81.56992301629298,52.60567802946273,5369.206063344273,73.87192063694751,81.56992301629298,52.60567802946273,0.0,0.0,0.0,0.0,0.0,0.0,0.0
43124571,4,clearcut_25,donothing,clearcut,6309.356256806494,73.87192063694751,81.56992301629298,0.019800000000000005,10291.689014967082,73.87192063694751,81.56992301629298,0.019800000000000005,0.0,0.0,0.0,0.0,0.0,0.0,0.0
43124571,5,below_5,below,donothing,781.3767809104083,73.87192063694751,49.27572265865042,70.20694855191283,0.0,73.87192063694751,49.27572265865042,70.20694855191283,0.0,0.0,0.0,0.0,0.0,0.0,2289.6849992376665
43124571,6,below_5 + clearcut_25,below,clearcut,3683.3412016891534,73.87192063694751,49.27572265865042,0.019800000000000005,6677.553082431985,73.87192063694751,49.27572265865042,0.019800000000000005,0.0,0.0,0.0,0.0,0.0,0.0,2289.6849992376665
43124571,7,above_5,above,donothing,673.7727792685928,73.87192063694751,49.0337815620883,70.00582798451,0.0,73.87192063694751,49.0337815620883,70.00582798451,0.0,0.0,0.0,0.0,0.0,0.0,2407.1374728650317
43124571,8,above_5 + clearcut_25,above,clearcut,3570.010838748555,73.87192063694751,49.0337815620883,0.019800000000000005,6554.530136341524,73.87192063694751,49.0337815620883,0.019800000000000005,0.0,0.0,0.0,0.0,0.0,0.0,2407.1374728650317
43124571,9,even_5,even,donothing,647.7594623560399,73.87192063694751,48.16622384189085,68.88154684440738,0.0,73.87192063694751,48.16622384189085,68.88154684440738,0.0,0.0,0.0,0.0,0.0,0.0,2424.163739481022
43124571,10,even_5 + clearcut_25,even,clearcut,3541.5308133885183,73.87192063694751,48.16622384189085,0.019800000000000005,6501.536319758458,73.87192063694751,48.16622384189085,0.019800000000000005,0.0,0.0,0.0,0.0,0.0,0.0,2424.163739481022
43124571,11,clearcut_5,clearcut,donothing,-3055.06473643184,73.87192063694751,0.019800000000000005,25.44804287546796,0.0,73.87192063694751,0.019800000000000005,25.44804287546796,0.0,0.0,0.0,0.0,0.0,0.0,5919.6692131596865
43124571,12,clearcut_5 + first_25,clearcut,first,-3033.4298797481333,73.87192063694751,0.019800000000000005,15.74091166239726,464.79494893902154,73.87192063694751,0.019800000000000005,15.74091166239726,0.0,0.0,0.0,0.0,0.0,0.0,5919.6692131596865
43124572,0,donothing,donothing,donothing,15175.013526917455,307.5107634018181,353.8574177129633,523.4046228527783,0.0,236.003560265583,266.52678270891215,386.26727688723435,28.56776590077762,33.87508873926016,53.65666082919214,42.939437235457504,53.455546264790925,93.37147118131772,0.0
43124572,1,below_25,donothing,below,16250.865162468881,307.5107634018181,353.8574177129633,249.72554908833976,25503.261166012937,236.003560265583,266.52678270891215,191.41771963809774,28.56776590077762,33.87508873926016,28.593716444920275,42.939437235457504,53.455546264790925,34.433180946548454,0.0
43124572,2,above_25,donothing,above,16289.312115913242,307.5107634018181,353.8574177129633,246.06600048229265,26414.653278389425,236.003560265583,266.52678270891215,176.79299190725442,28.56776590077762,33.87508873926016,22.93435646217963,42.939437235457504,53.455546264790925,50.988565501941224,0.0
43124572,3,even_25,donothing,even,16361.03393387959,307.5107634018181,353.8574177129633,225.30852770053775,28114.832182667167,236.003560265583,266.52678270891215,166.27539699594533,28.56776590077762,33.87508873926016,23.097433085058636,42.939437235457504,53.455546264790925,40.19335669301725,0.0
43124572,4,clearcut_25,donothing,clearcut,30095.397203379627,307.5107634018181,353.8574177129633,0.09628058416625673,49364.729610506096,236.003560265583,266.52678270891215,0.09810000000000003,28.56776590077762,33.87508873926016,0.0,42.939437235457504,53.455546264790925,0.0,0.0
43124572,5,below_5,below,donothing,5625.753445863915,307.5107634018181,232.76284577996282,362.08216789342845,0.0,236.003560265583,182.42700047110526,278.86509775175756,28.56776590077762,22.594375847526276,38.33004420417006,42.939437235457504,27.741469461331285,52.75486011582288,8482.285484696626
43124572,6,below_5 + below_25,below,below,6073.347437842389,307.5107634018181,232.76284577996282,248.25114480263326,10777.339799131638,236.003560265583,182.42700047110526,193.9648666031559,28.56776590077762,22.594375847526276,28.054868342530217,42.939437235457504,27.741469461331285,31.62576234121691,8482.285484696626
43124572,7,below_5 + above_25,below,above,6081.856293630851,307.5107634018181,232.76284577996282,248.1060011249674,10982.21929210383,236.003560265583,182.42700047110526,189.47911713127283,28.56776590077762,22.594375847526276,25.21690523709602,42.939437235457504,27.741469461331285,38.80117735346625,8482.285484696626
43124572,8,below_5 + even_25,below,even,6120.666934667311,307.5107634018181,232.76284577996282,237.56211035487854,11916.71679155254,236.003560265583,182.42700047110526,182.96339063492815,28.56776590077762,22.594375847526276,25.148342002355975,42.939437235457504,27.741469461331285,34.61246372199139,8482.285484696626
43124572,9,below_5 + clearcut_25,below,clearcut,19902.81300721266,307.5107634018181,232.76284577996282,0.09601367879829428,34651.691746299926,236.003560265583,182.42700047110526,0.09810000000000003,28.56776590077762,22.594375847526276,0.0,42.939437235457504,27.741469461331285,0.0,8482.285484696626
43124572,10,above_5,above,donothing,5125.697410428622,307.5107634018181,229.43709729688342,363.6980058194402,0.0,236.003560265583,168.50247987213706,257.9071915531425,28.56776590077762,21.71070634992957,37.282271597974656,42.939437235457504,39.223911074816854,76.29432529234559,9187.55967976725
43124572,11,above_5 + below_25,above,below,5580.0733253355575,307.5107634018181,229.43709729688342,246.82864840405153,10921.082557247193,236.003560265583,168.50247987213706,178.1657820795025,28.56776590077762,21.71070634992957,27.124062081178035,42.939437235457504,39.223911074816854,46.82273258805729,9187.55967976725
43124572,12,above_5 + above_25,above,above,5596.689897037237,307.5107634018181,229.43709729688342,245.35258136817873,11320.467615782238,236.003560265583,168.50247987213706,171.62825631831083,28.56776590077762,21.71070634992957,23.743413123078053,42.939437235457504,39.223911074816854,55.23324170097007,9187.55967976725
43124572,13,above_5 + even_25,above,even,5618.241615698889,307.5107634018181,229.43709729688342,238.62226161813484,11838.4706415432,236.003560265583,168.50247987213706,169.21290837801683,28.56776590077762,21.71070634992957,24.460898395431176,42.939437235457504,39.223911074816854,50.05670682430797,9187.55967976725
43124572,14,above_5 + clearcut_25,above,clearcut,19395.86751689767,307.5107634018181,229.43709729688342,0.09604396068098449,34424.16586665658,236.003560265583,168.50247987213706,0.09810000000000003,28.56776590077762,21.71070634992957,0.0,42.939437235457504,39.223911074816854,0.0,9187.55967976725
43124572,15,even_5,even,donothing,3544.7707830426843,307.5107634018181,208.9492665853277,333.9602449622976,0.0,236.003560265583,157.38139992178557,244.13815893602677,28.56776590077762,20.00290114964573,34.75071575912162,42.939437235457504,31.564965513896404,62.44527757188696,10487.200295221159
43124572,16,even_5 + clearcut_25,even,clearcut,17699.942648652646,307.5107634018181,208.9492665853277,0.09598072684262529,31778.793361603144,236.003560265583,157.38139992178557,0.09810000000000003,28.56776590077762,20.00290114964573,0.0,42.939437235457504,31.564965513896404,0.0,10487.200295221159
43124572,17,clearcut_5,clearcut,donothing,-13546.346640025702,307.5107634018181,0.09810000000000003,126.08348515572763,0.0,236.003560265583,0.09810000000000003,126.08348515572763,28.56776590077762,0.0,0.0,42.939437235457504,0.0,0.0,25609.143354792726
43124572,18,clearcut_5 + first_25,clearcut,first,-13418.567235683098,307.5107634018181,0.09810000000000003,68.75140006657276,2745.163630393721,236.003560265583,0.09810000000000003,68.75140006657276,28.56776590077762,0.0,0.0,42.939437235457504,0.0,0.0,25609.143354792726
43124573,0,donothing,donothing,donothing,824.6518803025652,0.02520000000000001,0.9431396287731828,47.34447029550576,0.0,0.02520000000000001,0.9431396287731828,47.34447029550576,0.0,0.0,0.0,0.0,0.0,0.0,0.0
43124573,1,below_25,donothing,below,858.0860996135967,0.02520000000000001,0.9431396287731828,31.957477316063855,718.2879223411624,0.02520000000000001,0.9431396287731828,31.957477316063855,0.0,0.0,0.0,0.0,0.0,0.0,0.0
43124573,2,above_25,donothing,above,858.3415162161403,0.02520000000000001,0.9431396287731828,31.839930277396416,723.7751944998353,0.02520000000000001,0.9431396287731828,31.839930277396416,0.0,0.0,0.0,0.0,0.0,0.0,0.0
43124573,3,first_25,donothing,first,863.8931639501496,0.02520000000000001,0.9431396287731828,29.28496813179167,843.0446614891755,0.02520000000000001,0.9431396287731828,29.28496813179167,0.0,0.0,0.0,0.0,0.0,0.0,0.0
43124573,4,even_25,donothing,even,860.030335782948,0.02520000000000001,0.9431396287731828,31.06270696088134,760.0571452331994,0.02520000000000001,0.9431396287731828,31.06270696088134,0.0,0.0,0.0,0.0,0.0,0.0,0.0
43124574,0,donothing,donothing,donothing,4359.670902530037,54.53585218029749,73.18074839038967,139.5056695491423,0.0,9.185696005734513,11.350904372900763,19.895507340616415,7.902732565292128,10.958452404388478,26.527225355868097,37.44742360927086,50.8713916131004,100.86732332839762,0.0
43124574,1,below_25,donothing,below,4613.460579625326,54.53585218029749,73.18074839038967,57.0578464385483,7538.425435659007,9.185696005734513,11.350904372900763,6.169765809680797,7.902732565292128,10.958452404388478,7.817436839943736,37.44742360927086,50.8713916131004,46.254459397181996,0.0
43124574,2,above_25,donothing,above,4628.494202984673,54.53585218029749,73.18074839038967,54.59082471736932,7984.975705233771,9.185696005734513,11.350904372900763,9.372575162306234,7.902732565292128,10.958452404388478,12.300741696340047,37.44742360927086,50.8713916131004,35.96366418342834,0.0
43124574,3,even_25,donothing,even,4626.748586716093,54.53585218029749,73.18074839038967,54.04735471500114,7933.124904087779,9.185696005734513,11.350904372900763,7.707927182804702,7.902732565292128,10.958452404388478,10.277190619183616,37.44742360927086,50.8713916131004,39.07806772800893,0.0
43124574,4,clearcut_25,donothing,clearcut,8917.933562110873,54.53585218029749,73.18074839038967,0.029835202113410973,12950.359523349753,9.185696005734513,11.350904372900763,0.03150000000000001,7.902732565292128,10.958452404388478,0.0,37.44742360927086,50.8713916131004,0.0,0.0
43124574,5,below_5,below,donothing,2650.08571547819,54.53585218029749,51.7210305589174,106.08001568767247,0.0,9.185696005734513,7.912710809948997,14.797818092454758,7.902732565292128,6.9180975776610385,18.089914000225512,37.44742360927086,36.890222171307364,78.77819180627445,1293.2352554465147
43124574,6,below_5 + below_25,below,below,2808.135288407244,54.53585218029749,51.7210305589174,56.69432764010617,4595.598226976694,9.185696005734513,7.912710809948997,5.839513197178106,7.902732565292128,6.9180975776610385,7.250991631647725,37.44742360927086,36.890222171307364,46.589204254194264,1293.2352554465147
43124574,7,below_5 + above_25,below,above,2815.594632659432,54.53585218029749,51.7210305589174,55.59824416745809,4812.493145352382,9.185696005734513,7.912710809948997,8.983246504518894,7.902732565292128,6.9180975776610385,10.766261411010722,37.44742360927086,36.890222171307364,38.77640068160079,1293.2352554465147
43124574,8,below_5 + even_25,below,even,2829.8011087281275,54.53585218029749,51.7210305589174,50.73774265536512,5225.574022591883,9.185696005734513,7.912710809948997,7.077750520385022,7.902732565292128,6.9180975776610385,8.652349787574462,37.44742360927086,36.890222171307364,37.679364928546484,1293.2352554465147
43124574,9,below_5 + clearcut_25,below,clearcut,7116.8380665846435,54.53585218029749,51.7210305589174,0.029924263172580647,10016.375257482432,9.185696005734513,7.912710809948997,0.03150000000000001,7.902732565292128,6.9180975776610385,0.0,37.44742360927086,36.890222171307364,0.0,1293.2352554465147
43124574,10,above_5,above,donothing,2476.238157906163,54.53585218029749,50.663828223245375,104.7902223987982,0.0,9.185696005734513,7.934423210379952,14.770201806364485,7.902732565292128,8.164735520134496,21.98589999838902,37.44742360927086,34.56466949273089,74.94470283317202,1516.341800150582
43124574,11,above_5 + below_25,above,below,2617.274459036171,54.53585218029749,50.663828223245375,55.66953244299044,4502.5325394769425,9.185696005734513,7.934423210379952,6.069528849387317,7.902732565292128,8.164735520134496,9.39383592830171,37.44742360927086,34.56466949273089,43.87739646274559,1516.341800150582
43124574,12,above_5 + above_25,above,above,2627.436120249805,54.53585218029749,50.663828223245375,53.70727917584039,4826.939872219858,9.185696005734513,7.934423210379952,8.914930218652307,7.902732565292128,8.164735520134496,12.804311679381538,37.44742360927086,34.56466949273089,35.52986170653939,1516.341800150582
43124574,13,above_5 + even_25,above,even,2635.8872174784783,54.53585218029749,50.663828223245375,50.12083852365578,5096.73807283567,9.185696005734513,7.934423210379952,7.064541736358536,7.902732565292128,8.164735520134496,10.515787812939475,37.44742360927086,34.56466949273089,35.845819036527395,1516.341800150582
43124574,14,above_5 + clearcut_25,above,clearcut,6904.527379930913,54.53585218029749,50.663828223245375,0.02955119272651507,9769.422632979704,9.185696005734513,7.934423210379952,0.03150000000000001,7.902732565292128,8.164735520134496,0.0,37.44742360927086,34.56466949273089,0.0,1516.341800150582
43124574,15,even_5,even,donothing,2288.0838652902635,54.53585218029749,48.01388901893467,100.37315533696531,0.0,9.185696005734513,7.447328359060188,14.010268063232132,7.902732565292128,7.18984062251928,19.528209014920346,37.44742360927086,33.37672003735519,73.00386245501336,1621.9782033860156
43124574,16,even_5 + below_25,even,below,2420.7383338592986,54.53585218029749,48.01388901893467,55.95133765992173,4099.468173405273,9.185696005734513,7.447328359060188,6.031990015183745,7.902732565292128,7.18984062251928,8.756849439222707,37.44742360927086,33.37672003735519,44.60140681498437,1621.9782033860156
43124574,17,even_5 + above_25,even,above,2429.1091946412466,54.53585218029749,48.01388901893467,54.45707398656874,4358.155858258639,9.185696005734513,7.447328359060188,8.804066962702901,7.902732565292128,7.18984062251928,11.906658643837668,37.44742360927086,33.37672003735519,37.09341582133174,1621.9782033860156
43124574,18,even_5 + even_25,even,even,2430.8384578699442,54.53585218029749,48.01388901893467,53.34241004543222,4411.595894210561,9.185696005734513,7.447328359060188,7.445630869792146,7.902732565292128,7.18984062251928,10.378090927098285,37.44742360927086,33.37672003735519,38.79724566695478,1621.9782033860156
43124574,19,even_5 + clearcut_25,even,clearcut,6715.025196165555,54.53585218029749,48.01388901893467,0.029676036841017342,9415.240971170246,9.185696005734513,7.447328359060188,0.03150000000000001,7.902732565292128,7.18984062251928,0.0,37.44742360927086,33.37672003735519,0.0,1621.9782033860156
43124575,0,donothing,donothing,donothing,1689.242179539201,10.97510677166613,18.47655968833731,35.74274407898681,0.0,0.0,0.0,0.0,10.97510677166613,18.47655968833731,53.00892846963631,0.0,0.0,0.0,0.0
43124575,1,clearcut_25,donothing,clearcut,4883.928379493756,10.97510677166613,18.47655968833731,0.017598650781932255,3400.4521740036803,0.0,0.0,0.026100000000000005,10.97510677166613,18.47655968833731,0.0,0.0,0.0,0.0,0.0
43124576,0,donothing,donothing,donothing,8361.306756923366,113.71844779771406,150.5509595106474,283.7960782931049,0.0,36.842537923330305,45.490532712611724,78.20411367000125,10.286320755209061,14.330170493650785,29.655310325235607,66.58958911917475,90.73025630438494,183.59922421366056,0.0
43124576,1,below_25,donothing,below,8938.325366138772,113.71844779771406,150.5509595106474,128.58788203176866,14313.004042980985,36.842537923330305,45.490532712611724,30.058937379335852,10.286320755209061,14.330170493650785,13.297279528257752,66.58958911917475,90.73025630438494,88.70357228483167,0.0
43124576,2,above_25,donothing,above,8962.004262528888,113.71844779771406,150.5509595106474,126.17549958432987,14900.361425138883,36.842537923330305,45.490532712611724,39.36000641620533,10.286320755209061,14.330170493650785,13.017102507569309,66.58958911917475,90.73025630438494,77.2051628507842,0.0
43124576,3,even_25,donothing,even,8969.943657471124,113.71844779771406,150.5509595106474,122.1649060317745,15097.298907036577,36.842537923330305,45.490532712611724,33.66430662204831,10.286320755209061,14.330170493650785,12.765638697388368,66.58958911917475,90.73025630438494,79.0334458054189,0.0
43124576,4,clearcut_25,donothing,clearcut,18734.528183769937,113.71844779771406,150.5509595106474,0.06923075122539389,26508.217212632437,36.842537923330305,45.490532712611724,0.07110000000000002,10.286320755209061,14.330170493650785,0.0,66.58958911917475,90.73025630438494,0.0,0.0
43124576,5,clearcut_5,clearcut,donothing,-4535.414106146021,113.71844779771406,0.07110000000000002,91.38160850736222,0.0,36.842537923330305,0.07110000000000002,91.38160850736222,10.286320755209061,0.0,0.0,66.58958911917475,0.0,0.0,10007.142776077686
43124576,6,clearcut_5 + first_25,clearcut,first,-4442.8033452004565,113.71844779771406,0.07110000000000002,49.828996378525204,1989.6140073495776,36.842537923330305,0.07110000000000002,49.828996378525204,10.286320755209061,0.0,0.0,66.58958911917475,0.0,0.0,10007.142776077686
43124577,0,donothing,donothing,donothing,8329.876940433242,101.4032796471937,155.09094037881601,369.3079938953066,0.0,80.51690622448949,118.52295078520953,266.68817685471424,10.29685768760049,18.03620701330526,61.89037443956095,10.589515735103694,18.531782580301222,62.65652631415918,0.0
43124577,1,below_25,donothing,below,8777.591371024788,101.4032796471937,155.09094037881601,158.94865155070372,13632.710731051819,80.51690622448949,118.52295078520953,109.48156643968453,10.29685768760049,18.03620701330526,31.252552004407832,10.589515735103694,18.531782580301222,27.651860340933563,0.0
43124577,2,above_25,donothing,above,8858.171106148826,101.4032796471937,155.09094037881601,152.73248620565514,16086.328806929612,80.51690622448949,118.52295078520953,117.92115202276557,10.29685768760049,18.03620701330526,20.032777553041175,10.589515735103694,18.531782580301222,23.84680878280596,0.0
43124577,3,even_25,donothing,even,8844.847177337935,101.4032796471937,155.09094037881601,143.07748358652867,15680.620938545782,80.51690622448949,118.52295078520953,103.32046388757189,10.29685768760049,18.03620701330526,23.977599129767803,10.589515735103694,18.531782580301222,24.274422063672922,0.0
43124578,0,donothing,donothing,donothing,3199.921111535667,48.91805683434281,60.82086946276621,95.91077166124622,0.0,12.31311853516594,14.308626546631796,22.338265489667215,20.582672622112064,25.99882872298287,48.41558935555735,16.0222656770648,20.513414193151554,36.36529713230892,0.0
43124578,1,clearcut_25,donothing,clearcut,7617.982211472747,48.91805683434281,60.82086946276621,0.029009835724578256,9095.834932357073,12.31311853516594,14.308626546631796,0.032400000000000005,20.582672622112064,25.99882872298287,0.0,16.0222656770648,20.513414193151554,0.0,0.0
43124579,0,donothing,donothing,donothing,1092.3598290036648,0.03600000000000001,1.3473423268188327,67.63495756500822,0.0,0.03600000000000001,1.3473423268188327,67.63495756500822,0.0,0.0,0.0,0.0,0.0,0.0,0.0
43124579,1,below_25,donothing,below,1140.1229994479954,0.03600000000000001,1.3473423268188327,45.653539022948365,1026.1256033445177,0.03600000000000001,1.3473423268188327,45.653539022948365,0.0,0.0,0.0,0.0,0.0,0.0,0.0
43124579,2,above_25,donothing,above,1140.4878803087718,0.03600000000000001,1.3473423268188327,45.48561468199488,1033.9645635711931,0.03600000000000001,1.3473423268188327,45.48561468199488,0.0,0.0,0.0,0.0,0.0,0.0,0.0
43124579,3,first_25,donothing,first,1148.4188056430708,0.03600000000000001,1.3473423268188327,41.83566875970238,1204.349516413108,0.03600000000000001,1.3473423268188327,41.83566875970238,0.0,0.0,0.0,0.0,0.0,0.0,0.0
43124579,4,even_25,donothing,even,1142.9004796899253,0.03600000000000001,1.3473423268188327,44.37529565840191,1085.7959217617133,0.03600000000000001,1.3473423268188327,44.37529565840191,0.0,0.0,0.0,0.0,0.0,0.0,0.0
43124580,0,donothing,donothing,donothing,8039.585345745807,121.8241241770738,154.46536813707408,278.46832577969786,0.0,81.41402164167752,98.50534235468292,166.0691549034153,10.689556950810907,14.322555816554981,28.068883842178405,29.720545584585395,41.63746996583627,91.20345104691583,0.0
43124580,1,below_25,donothing,below,8442.08919834025,121.8241241770738,154.46536813707408,168.70891255516028,9853.35100600081,81.41402164167752,98.50534235468292,99.01698753520124,10.689556950810907,14.322555816554981,18.524791376739707,29.720545584585395,41.63746996583627,55.3312123518769,0.0
43124580,2,above_25,donothing,above,8467.899648409122,121.8241241770738,154.46536813707408,166.25227026794593,10485.194459205453,81.41402164167752,98.50534235468292,100.75767284071081,10.689556950810907,14.322555816554981,15.418778957116198,29.720545584585395,41.63746996583627,54.17926225624595,0.0
43124580,3,even_25,donothing,even,8466.238927687302,121.8241241770738,154.46536813707408,164.43276168965377,10444.539782015323,81.41402164167752,98.50534235468292,98.06217527891769,10.689556950810907,14.322555816554981,16.574395219967922,29.720545584585395,41.63746996583627,53.854725808693345,0.0
43124580,4,clearcut_25,donothing,clearcut,18386.010438233767,121.8241241770738,154.46536813707408,0.06938737853136515,25504.968821311628,81.41402164167752,98.50534235468292,0.07110000000000002,10.689556950810907,14.322555816554981,0.0,29.720545584585395,41.63746996583627,0.0,0.0
