unit,schedule,treatment,treatment_5,treatment_25,npv_5_percent,stock_0,stock_5,stock_25,harvest_value_5,harvest_value_25,stock_1_0,stock_1_5,stock_1_25,stock_2_0,stock_2_5,stock_2_25,stock_30_0,stock_30_5,stock_30_25
43124559,0,donothing,donothing,donothing,4316.014389853366,47.91707216000586,75.79632964591624,192.78888223697504,0.0,0.0,0.0,0.0,0.0,2.6131731716261273,4.810662644135584,17.99317591647298,45.303898988379736,70.98566700178066,174.79570632050203
43124559,1,below_25,donothing,below,4697.025796318723,47.91707216000586,75.79632964591624,77.47136483056437,0.0,8185.502672945199,0.0,0.0,0.0,2.6131731716261273,4.810662644135584,5.707215303476469,45.303898988379736,70.98566700178066,71.76414952708791
43124559,2,above_25,donothing,above,4726.693207536102,47.91707216000586,75.79632964591624,72.8525512311947,0.0,8822.865937399787,0.0,0.0,0.0,2.6131731716261273,4.810662644135584,7.901034133267103,45.303898988379736,70.98566700178066,64.95151709792758
43124559,3,even_25,donothing,even,4713.447871060982,47.91707216000586,75.79632964591624,74.6903630300123,0.0,8538.308217390995,0.0,0.0,0.0,2.6131731716261273,4.810662644135584,6.970925012222987,45.303898988379736,70.98566700178066,67.7194380177893
43124559,4,clearcut_25,donothing,clearcut,10500.426322030855,47.91707216000586,75.79632964591624,0.04230000000000001,0.0,13938.285665892934,0.0,0.0,0.04230000000000001,2.6131731716261273,4.810662644135584,0.0,45.303898988379736,70.98566700178066,0.0
43124560,0,donothing,donothing,donothing,3527.1370243048214,38.910097156808376,63.395427884393825,164.3829471382053,0.0,0.0,0.0,0.0,0.0,0.0,0.0,0.0,38.910097156808376,63.395427884393825,164.3829471382053
43124560,1,below_25,donothing,below,3878.905522457184,38.910097156808376,63.395427884393825,51.78821245833685,0.0,7557.25926579543,0.0,0.0,0.0,0.0,0.0,0.0,38.910097156808376,63.395427884393825,51.78821245833685
43124560,2,above_25,donothing,above,3905.835842202125,38.910097156808376,63.395427884393825,48.7773316174103,0.0,8135.819908639418,0.0,0.0,0.0,0.0,0.0,0.0,38.910097156808376,63.395427884393825,48.7773316174103
43124560,3,even_25,donothing,even,3903.45965914557,38.910097156808376,63.395427884393825,46.426599565624066,0.0,8084.770904775533,0.0,0.0,0.0,0.0,0.0,0.0,38.910097156808376,63.395427884393825,46.426599565624066
43124560,4,clearcut_25,donothing,clearcut,7702.734020809435,38.910097156808376,63.395427884393825,0.027900000000000008,0.0,11266.866901303922,0.0,0.0,0.027900000000000008,0.0,0.0,0.0,38.910097156808376,63.395427884393825,0.0
43124560,5,below_5,below,donothing,3669.3595576557723,38.910097156808376,40.6104796567926,120.03761203391316,992.2467976543162,0.0,0.0,0.0,0.0,0.0,0.0,0.0,38.910097156808376,40.6104796567926,120.03761203391316
43124560,6,below_5 + below_25,below,below,3896.051467463584,38.910097156808376,40.6104796567926,51.81049986080433,992.2467976543162,4870.161895889605,0.0,0.0,0.0,0.0,0.0,0.0,38.910097156808376,40.6104796567926,51.81049986080433
43124560,7,below_5 + above_25,below,above,3910.8670125239582,38.910097156808376,40.6104796567926,49.61875557068772,992.2467976543162,5188.453373874149,0.0,0.0,0.0,0.0,0.0,0.0,38.910097156808376,40.6104796567926,49.61875557068772
43124560,8,below_5 + even_25,below,even,3917.451661119867,38.910097156808376,40.6104796567926,46.505030352570934,992.2467976543162,5329.915434504416,0.0,0.0,0.0,0.0,0.0,0.0,38.910097156808376,40.6104796567926,46.505030352570934
43124560,9,below_5 + clearcut_25,below,clearcut,7725.512338820862,38.910097156808376,40.6104796567926,0.027900000000000008,992.2467976543162,8700.773269095536,0.0,0.0,0.027900000000000008,0.0,0.0,0.0,38.910097156808376,40.6104796567926,0.0
43124560,10,above_5,above,donothing,3768.18623071611,38.910097156808376,39.70976818267118,119.98452673949015,1179.9768222101404,0.0,0.0,0.0,0.0,0.0,0.0,0.0,38.910097156808376,39.70976818267118,119.98452673949015
43124560,11,above_5 + below_25,above,below,3991.8238950264536,38.910097156808376,39.70976818267118,50.64806574250046,1179.9768222101404,4804.545659054894,0.0,0.0,0.0,0.0,0.0,0.0,38.910097156808376,39.70976818267118,50.64806574250046
43124560,12,above_5 + above_25,above,above,4008.2676386661606,38.910097156808376,39.70976818267118,48.46164405390151,1179.9768222101404,5157.816729768341,0.0,0.0,0.0,0.0,0.0,0.0,38.910097156808376,39.70976818267118,48.46164405390151
43124560,13,above_5 + even_25,above,even,4009.379276781109,38.910097156808376,39.70976818267118,46.48446402184686,1179.9768222101404,5181.698735941493,0.0,0.0,0.0,0.0,0.0,0.0,38.910097156808376,39.70976818267118,46.48446402184686
43124560,14,above_5 + clearcut_25,above,clearcut,7813.076706702505,38.910097156808376,39.70976818267118,0.027900000000000008,1179.9768222101404,8458.81823158381,0.0,0.0,0.027900000000000008,0.0,0.0,0.0,38.910097156808376,39.70976818267118,0.0
43124560,15,even_5,even,donothing,3727.0228092435646,38.910097156808376,37.43436621145571,114.33867099758025,1217.8971465332618,0.0,0.0,0.0,0.0,0.0,0.0,0.0,38.910097156808376,37.43436621145571,114.33867099758025
43124560,16,even_5 + below_25,even,below,3935.5932130624687,38.910097156808376,37.43436621145571,50.85554719134068,1217.8971465332618,4480.8464234577,0.0,0.0,0.0,0.0,0.0,0.0,38.910097156808376,37.43436621145571,50.85554719134068
43124560,17,even_5 + above_25,even,above,3949.2532615951086,38.910097156808376,37.43436621145571,49.049034180625476,1217.8971465332618,4774.313657979094,0.0,0.0,0.0,0.0,0.0,0.0,38.910097156808376,37.43436621145571,49.049034180625476
43124560,18,even_5 + even_25,even,even,3944.483858095855,38.910097156808376,37.43436621145571,49.21904869943629,1217.8971465332618,4671.849625593133,0.0,0.0,0.0,0.0,0.0,0.0,38.910097156808376,37.43436621145571,49.21904869943629
43124560,19,even_5 + clearcut_25,even,clearcut,7760.003412374834,38.910097156808376,37.43436621145571,0.027900000000000008,1217.8971465332618,8202.951098905356,0.0,0.0,0.027900000000000008,0.0,0.0,0.0,38.910097156808376,37.43436621145571,0.0
43124561,0,donothing,donothing,donothing,520.2060408712065,0.016200000000000003,0.6063040470684746,30.4357309042537,0.0,0.0,0.016200000000000003,0.6063040470684746,30.4357309042537,0.0,0.0,0.0,0.0,0.0,0.0
43124561,1,below_25,donothing,below,537.5317473987989,0.016200000000000003,0.6063040470684746,20.54409256032676,0.0,372.2188225489961,0.016200000000000003,0.6063040470684746,20.54409256032676,0.0,0.0,0.0,0.0,0.0,0.0
43124561,2,above_25,donothing,above,537.6641050009544,0.016200000000000003,0.6063040470684746,20.468526606897694,0.0,375.0623424222664,0.016200000000000003,0.6063040470684746,20.468526606897694,0.0,0.0,0.0,0.0,0.0,0.0
43124561,3,first_25,donothing,first,540.5409844785104,0.016200000000000003,0.6063040470684746,18.826050941866068,0.0,436.86811582873156,0.016200000000000003,0.6063040470684746,18.826050941866068,0.0,0.0,0.0,0.0,0.0,0.0
43124561,4,even_25,donothing,even,538.5392560526465,0.016200000000000003,0.6063040470684746,19.968883046280858,0.0,393.86375138614864,0.016200000000000003,0.6063040470684746,19.968883046280858,0.0,0.0,0.0,0.0,0.0,0.0
43124562,0,donothing,donothing,donothing,4408.575060435841,52.12804907945051,85.90579847270322,227.57048019997038,0.0,0.0,0.0,0.0,0.0,0.0,0.0,0.0,52.12804907945051,85.90579847270322,227.57048019997038
43124562,1,below_25,donothing,below,4856.790481865558,52.12804907945051,85.90579847270322,68.32946536633139,0.0,9629.287910837933,0.0,0.0,0.0,0.0,0.0,0.0,52.12804907945051,85.90579847270322,68.32946536633139
43124562,2,above_25,donothing,above,4907.220967766325,52.12804907945051,85.90579847270322,63.108259485836776,0.0,10712.71709467305,0.0,0.0,0.0,0.0,0.0,0.0,52.12804907945051,85.90579847270322,63.108259485836776
43124562,3,even_25,donothing,even,4884.594546287702,52.12804907945051,85.90579847270322,64.27262523963627,0.0,10226.619748636573,0.0,0.0,0.0,0.0,0.0,0.0,52.12804907945051,85.90579847270322,64.27262523963627
43124562,4,below_5,below,donothing,4723.482086285407,52.12804907945051,52.982124547595895,160.85580312595084,1379.1150941838375,0.0,0.0,0.0,0.0,0.0,0.0,0.0,52.12804907945051,52.982124547595895,160.85580312595084
43124562,5,below_5 + below_25,below,below,5013.953418111786,52.12804907945051,52.982124547595895,67.82236275283688,1379.1150941838375,6240.374494654258,0.0,0.0,0.0,0.0,0.0,0.0,52.12804907945051,52.982124547595895,67.82236275283688
43124562,6,below_5 + above_25,below,above,5040.804757588544,52.12804907945051,52.982124547595895,64.71360120398472,1379.1150941838375,6817.238355760583,0.0,0.0,0.0,0.0,0.0,0.0,52.12804907945051,52.982124547595895,64.71360120398472
43124562,7,below_5 + even_25,below,even,5039.475750309845,52.12804907945051,52.982124547595895,62.318833905543606,1379.1150941838375,6788.686473986084,0.0,0.0,0.0,0.0,0.0,0.0,52.12804907945051,52.982124547595895,62.318833905543606
43124562,8,below_5 + clearcut_25,below,clearcut,10186.052015791067,52.12804907945051,52.982124547595895,0.03780000000000001,1379.1150941838375,11082.13113903198,0.0,0.0,0.03780000000000001,0.0,0.0,0.0,52.12804907945051,52.982124547595895,0.0
43124562,9,above_5,above,donothing,4870.821889765299,52.12804907945051,50.45761598029717,160.9543506521133,1684.7120683307792,0.0,0.0,0.0,0.0,0.0,0.0,0.0,52.12804907945051,50.45761598029717,160.9543506521133
43124562,10,above_5 + below_25,above,below,5150.333877271031,52.12804907945051,50.45761598029717,67.48083691571807,1684.7120683307792,6004.928151820089,0.0,0.0,0.0,0.0,0.0,0.0,52.12804907945051,50.45761598029717,67.48083691571807
43124562,11,above_5 + above_25,above,above,5183.613428629863,52.12804907945051,50.45761598029717,63.22460200008527,1684.7120683307792,6719.893247299207,0.0,0.0,0.0,0.0,0.0,0.0,52.12804907945051,50.45761598029717,63.22460200008527
43124562,12,above_5 + even_25,above,even,5174.277936564986,52.12804907945051,50.45761598029717,62.35701323631922,1684.7120683307792,6519.333122448303,0.0,0.0,0.0,0.0,0.0,0.0,52.12804907945051,50.45761598029717,62.35701323631922
43124562,13,even_5,even,donothing,4765.348615821456,52.12804907945051,50.72651494014655,157.53884366151294,1579.630413807632,0.0,0.0,0.0,0.0,0.0,0.0,0.0,52.12804907945051,50.72651494014655,157.53884366151294
43124562,14,even_5 + below_25,even,below,5041.146917962497,52.12804907945051,50.72651494014655,66.98545595106849,1579.630413807632,5925.144762233001,0.0,0.0,0.0,0.0,0.0,0.0,52.12804907945051,50.72651494014655,66.98545595106849
43124562,15,even_5 + above_25,even,above,5068.821805372213,52.12804907945051,50.72651494014655,63.985504689123914,1579.630413807632,6519.701410726036,0.0,0.0,0.0,0.0,0.0,0.0,52.12804907945051,50.72651494014655,63.985504689123914
43124562,16,even_5 + even_25,even,even,5067.823527187266,52.12804907945051,50.72651494014655,61.03377584783789,1579.630413807632,6498.254785736529,0.0,0.0,0.0,0.0,0.0,0.0,52.12804907945051,50.72651494014655,61.03377584783789
43124562,17,even_5 + clearcut_25,even,clearcut,10205.84997722147,52.12804907945051,50.72651494014655,0.03780000000000001,1579.630413807632,10608.01850053475,0.0,0.0,0.03780000000000001,0.0,0.0,0.0,52.12804907945051,50.72651494014655,0.0
43124563,0,donothing,donothing,donothing,33119.41061393688,498.5624357898213,697.9623990202323,1478.7630291692662,0.0,0.0,0.0,0.0,0.0,32.58116504156665,53.35527520773215,160.35297462657644,465.98127074825464,644.6071238125003,1318.41005454269
43124563,1,below_25,donothing,below,36072.092738302534,498.5624357898213,697.9623990202323,628.158436455077,0.0,63434.28834734893,0.0,0.0,0.0,32.58116504156665,53.35527520773215,42.18700782328062,465.98127074825464,644.6071238125003,585.9714286317964
43124563,2,above_25,donothing,above,36237.82149566891,498.5624357898213,697.9623990202323,597.6997818584881,0.0,66994.74129806599,0.0,0.0,0.0,32.58116504156665,53.35527520773215,84.10445919674845,465.98127074825464,644.6071238125003,513.5953226617396
43124563,3,even_25,donothing,even,36298.037975360174,498.5624357898213,697.9623990202323,572.9030958758785,0.0,68288.40901274374,0.0,0.0,0.0,32.58116504156665,53.35527520773215,62.12402784243283,465.98127074825464,644.6071238125003,510.7790680334456
43124563,4,clearcut_25,donothing,clearcut,79648.85255357306,498.5624357898213,697.9623990202323,0.31590000000000007,0.0,111476.80878400088,0.0,0.0,0.31590000000000007,32.58116504156665,53.35527520773215,0.0,465.98127074825464,644.6071238125003,0.0
43124564,0,donothing,donothing,donothing,1956.774515562219,20.42743917492173,35.245503285006876,109.00477224120635,0.0,0.0,0.0,0.0,0.0,1.531363820256523,3.1083628362272915,12.910809915491809,18.896075354665207,32.13714044877958,96.09396232571454
43124564,1,below_25,donothing,below,2149.1661285229966,20.42743917492173,35.245503285006876,28.820198616109813,0.0,4133.267496509648,0.0,0.0,0.0,1.531363820256523,3.1083628362272915,2.354856947410532,18.896075354665207,32.13714044877958,26.46534166869928
43124564,2,above_25,donothing,above,2180.5388881515382,20.42743917492173,35.245503285006876,24.368387166839135,0.0,4807.267811039464,0.0,0.0,0.0,1.531363820256523,3.1083628362272915,3.7798582362638644,18.896075354665207,32.13714044877958,20.588528930575276
43124564,3,even_25,donothing,even,2170.337610447513,20.42743917492173,35.245503285006876,24.93679551162374,0.0,4588.107480149575,0.0,0.0,0.0,1.531363820256523,3.1083628362272915,2.953579188621587,18.896075354665207,32.13714044877958,21.983216323002143
43124564,4,below_5,below,donothing,2100.1215030149933,20.42743917492173,19.541543028289134,71.67208674761322,587.3576859896241,0.0,0.0,0.0,0.0,1.531363820256523,1.3632376275413143,6.941380945224769,18.896075354665207,18.17830540074782,64.73070580238846
43124564,5,below_5 + below_25,below,below,2223.3469648908904,20.42743917492173,19.541543028289134,28.669321737088577,587.3576859896241,2647.3284800510964,0.0,0.0,0.0,1.531363820256523,1.3632376275413143,2.117884926160935,18.896075354665207,18.17830540074782,26.551436810927637
43124564,6,below_5 + above_25,below,above,2242.824108531922,20.42743917492173,19.541543028289134,26.00618663853472,587.3576859896241,3065.7679509688637,0.0,0.0,0.0,1.531363820256523,1.3632376275413143,3.0509303520171787,18.896075354665207,18.17830540074782,22.955256286517542
43124564,7,below_5 + even_25,below,even,2240.5020224116324,20.42743917492173,19.541543028289134,24.990511405869682,587.3576859896241,3015.8811448998067,0.0,0.0,0.0,1.531363820256523,1.3632376275413143,2.4203098801208367,18.896075354665207,18.17830540074782,22.570201525748843
43124564,8,above_5,above,donothing,2040.1945723394206,20.42743917492173,17.840660399528538,71.21273319993375,697.8964608593203,0.0,0.0,0.0,0.0,1.531363820256523,1.8751850788923226,10.386633825880969,18.896075354665207,15.965475320636216,60.826099374052795
43124564,9,above_5 + below_25,above,below,2152.3385946614526,20.42743917492173,17.840660399528538,26.94663519425808,697.8964608593203,2409.259090135113,0.0,0.0,0.0,1.531363820256523,1.8751850788923226,3.3793229763274533,18.896075354665207,15.965475320636216,23.567312217930624
43124564,10,above_5 + above_25,above,above,2173.0948084893053,20.42743917492173,17.840660399528538,24.202328382327384,697.8964608593203,2855.1776135312066,0.0,0.0,0.0,1.531363820256523,1.8751850788923226,4.056882125463643,18.896075354665207,15.965475320636216,20.14544625686374
43124564,11,above_5 + even_25,above,even,2164.1293729722547,20.42743917492173,17.840660399528538,24.8303447274104,697.8964608593203,2662.567641379076,0.0,0.0,0.0,1.531363820256523,1.8751850788923226,3.621595280298072,18.896075354665207,15.965475320636216,21.208749447112318
43124564,12,even_5,even,donothing,2058.0401605818065,20.42743917492173,18.73090551128734,71.03021936006391,645.5000988807411,0.0,0.0,0.0,0.0,1.531363820256523,1.6519114540474682,8.683559069999149,18.896075354665207,17.078994057239875,62.34666029006478
43124564,13,even_5 + below_25,even,below,2174.292387001382,20.42743917492173,18.73090551128734,27.57186341249218,645.5000988807411,2497.518168605791,0.0,0.0,0.0,1.531363820256523,1.6519114540474682,2.770620464922533,18.896075354665207,17.078994057239875,24.801242947569655
43124564,14,even_5 + above_25,even,above,2195.690428202084,20.42743917492173,18.73090551128734,24.714502906633715,645.5000988807411,2957.225464691833,0.0,0.0,0.0,1.531363820256523,1.6519114540474682,3.532786946929528,18.896075354665207,17.078994057239875,21.18171595970419
43124564,15,even_5 + even_25,even,even,2188.686208558397,20.42743917492173,18.73090551128734,24.76670608642792,645.5000988807411,2806.749500869181,0.0,0.0,0.0,1.531363820256523,1.6519114540474682,3.0277698310435093,18.896075354665207,17.078994057239875,21.73893625538441
43124565,0,donothing,donothing,donothing,5060.738690949407,62.44339071394591,99.87560211550306,260.49104492323613,0.0,0.0,0.0,0.0,0.0,8.888601901190713,13.610199867758444,35.77200356007242,53.554788812755184,86.2654022477446,224.7190413631638
43124565,1,below_25,donothing,below,5586.95616570842,62.44339071394591,99.87560211550306,75.208711779985,0.0,11305.054056385628,0.0,0.0,0.0,8.888601901190713,13.610199867758444,9.919334408858258,53.554788812755184,86.2654022477446,65.28937737112669
43124565,2,above_25,donothing,above,5645.237912550045,62.44339071394591,99.87560211550306,68.73639319087879,0.0,12557.156713840892,0.0,0.0,0.0,8.888601901190713,13.610199867758444,9.578012550496272,53.554788812755184,86.2654022477446,59.158380640382525
43124565,3,even_25,donothing,even,5632.161492421935,62.44339071394591,99.87560211550306,66.21332856760893,0.0,12276.22792773397,0.0,0.0,0.0,8.888601901190713,13.610199867758444,9.092763346021146,53.554788812755184,86.2654022477446,57.12056522158775
43124565,4,below_5,below,donothing,5449.4961138266935,62.44339071394591,56.327404426970595,171.81773593322228,1864.5076433681154,0.0,0.0,0.0,0.0,8.888601901190713,8.344552063949447,24.826829880112722,53.554788812755184,47.98285236302116,146.9909060531097
43124565,5,below_5 + below_25,below,below,5757.805495189603,62.44339071394591,56.327404426970595,74.91244281792027,1864.5076433681154,6623.600297566501,0.0,0.0,0.0,8.888601901190713,8.344552063949447,10.47437802475781,53.554788812755184,47.98285236302116,64.43806479316244
43124565,6,below_5 + above_25,below,above,5788.704207316942,62.44339071394591,56.327404426970595,70.4473008395181,1864.5076433681154,7287.416357708174,0.0,0.0,0.0,8.888601901190713,8.344552063949447,10.316600919172734,53.554788812755184,47.98285236302116,60.130699920345386
43124565,7,below_5 + even_25,below,even,5793.08105441565,62.44339071394591,56.327404426970595,66.56571127412191,1864.5076433681154,7381.446859203988,0.0,0.0,0.0,8.888601901190713,8.344552063949447,9.618422572473081,53.554788812755184,47.98285236302116,56.94728870164883
43124565,8,below_5 + clearcut_25,below,clearcut,11663.782731362207,62.44339071394591,56.327404426970595,0.04320000000000001,1864.5076433681154,12049.777582593662,0.0,0.0,0.04320000000000001,8.888601901190713,8.344552063949447,0.0,53.554788812755184,47.98285236302116,0.0
43124565,9,above_5,above,donothing,5631.677783974745,62.44339071394591,53.1912839662859,173.0353773440277,2277.3340530959695,0.0,0.0,0.0,0.0,8.888601901190713,6.536608751604569,20.677938737350114,53.554788812755184,46.654675214681326,152.35743860667756
43124565,10,above_5 + below_25,above,below,5927.23483525794,62.44339071394591,53.1912839662859,73.73702060920938,2277.3340530959695,6349.634137544783,0.0,0.0,0.0,8.888601901190713,6.536608751604569,8.716536772801632,53.554788812755184,46.654675214681326,65.02048383640776
43124565,11,above_5 + above_25,above,above,5961.7964855320915,62.44339071394591,53.1912839662859,69.35094868411572,2277.3340530959695,7092.143353541726,0.0,0.0,0.0,8.888601901190713,6.536608751604569,8.356907415876625,53.554788812755184,46.654675214681326,60.994041268239094
43124565,12,above_5 + even_25,above,even,5956.698121857795,62.44339071394591,53.1912839662859,67.03745050492275,2277.3340530959695,6982.612067140671,0.0,0.0,0.0,8.888601901190713,6.536608751604569,8.011057137136223,53.554788812755184,46.654675214681326,59.02639336778651
43124565,13,even_5,even,donothing,5564.321056920347,62.44339071394591,53.07798986386505,169.34122701665987,2152.0202142932676,0.0,0.0,0.0,0.0,8.888601901190713,7.233018227921416,22.412256579727146,53.554788812755184,45.844971635943644,146.92897043693276
43124565,14,even_5 + below_25,even,below,5858.223914828421,62.44339071394591,53.07798986386505,74.1587803229427,2152.0202142932676,6314.096082610408,0.0,0.0,0.0,8.888601901190713,7.233018227921416,9.626403281294895,53.554788812755184,45.844971635943644,64.53237704164778
43124565,15,even_5 + above_25,even,above,5887.661109177537,62.44339071394591,53.07798986386505,70.64913891976867,2152.0202142932676,6946.513456315974,0.0,0.0,0.0,8.888601901190713,7.233018227921416,9.435294863877898,53.554788812755184,45.844971635943644,61.21384405589076
43124565,16,even_5 + even_25,even,even,5870.658878924676,62.44339071394591,53.07798986386505,72.89584553183823,2152.0202142932676,6581.244073774559,0.0,0.0,0.0,8.888601901190713,7.233018227921416,9.647741559679288,53.554788812755184,45.844971635943644,63.248103972158916
43124565,17,even_5 + clearcut_25,even,clearcut,11755.60113389596,62.44339071394591,53.07798986386505,0.04320000000000001,2152.0202142932676,11555.513904255728,0.0,0.0,0.04320000000000001,8.888601901190713,7.233018227921416,0.0,53.554788812755184,45.844971635943644,0.0
43124566,0,donothing,donothing,donothing,23527.79392311846,498.58447316571227,619.057391396318,1030.6626718025811,0.0,0.0,36.78116745589762,43.141993727592485,67.29918779676807,375.2251141202435,465.018974899001,761.2657338567805,86.57819158957062,110.8964227697244,202.09775014903317
43124566,1,below_25,donothing,below,24947.834719394385,498.58447316571227,619.057391396318,629.2275481126468,0.0,30507.61089134088,36.78116745589762,43.141993727592485,35.20555330408262,375.2251141202435,465.018974899001,487.06301843994544,86.57819158957062,110.8964227697244,106.95897636861855
43124566,2,above_25,donothing,above,25001.773341174576,498.58447316571227,619.057391396318,619.7091294784306,0.0,31666.40751859342,36.78116745589762,43.141993727592485,43.950119629161534,375.2251141202435,465.018974899001,444.71381502390636,86.57819158957062,110.8964227697244,131.0451948253627
43124566,3,even_25,donothing,even,25033.580013819013,498.58447316571227,619.057391396318,608.5960010727063,0.0,32349.729853648532,36.78116745589762,43.141993727592485,39.73949740211357,375.2251141202435,465.018974899001,449.51980318509027,86.57819158957062,110.8964227697244,119.33670048550262
43124566,4,clearcut_25,donothing,clearcut,54882.96326013425,498.58447316571227,619.057391396318,0.21150000000000008,0.0,78996.19021183495,36.78116745589762,43.141993727592485,0.21150000000000008,375.2251141202435,465.018974899001,0.0,86.57819158957062,110.8964227697244,0.0
43124567,0,donothing,donothing,donothing,5488.845652406645,118.05035831637993,144.31717256365212,233.98653557032324,0.0,0.0,15.926878975832542,18.064759654008494,26.113978244522567,7.673132149356441,9.689129483046472,18.40603970377293,94.45034719119097,116.56328342659717,189.46651762202782
43124567,1,below_25,donothing,below,5980.426610215849,118.05035831637993,144.31717256365212,95.19696080938921,0.0,10560.936433492474,15.926878975832542,18.064759654008494,10.730947099420408,7.673132149356441,9.689129483046472,5.812105137869592,94.45034719119097,116.56328342659717,78.65390857209921
43124567,2,above_25,donothing,above,5994.13469525438,118.05035831637993,144.31717256365212,92.83567534395938,0.0,10855.43566585088,15.926878975832542,18.064759654008494,10.148632180297264,7.673132149356441,9.689129483046472,8.318797869552617,94.45034719119097,116.56328342659717,74.36824529410949
43124567,3,even_25,donothing,even,5999.525193369237,118.05035831637993,144.31717256365212,90.65117803007053,0.0,10971.243056335636,15.926878975832542,18.064759654008494,10.117090221228297,7.673132149356441,9.689129483046472,7.130876902589126,94.45034719119097,116.56328342659717,73.40321090625315
43124567,4,clearcut_25,donothing,clearcut,12447.021406384189,118.05035831637993,144.31717256365212,0.046800000000000015,0.0,17909.908606681496,15.926878975832542,18.064759654008494,0.046800000000000015,7.673132149356441,9.689129483046472,0.0,94.45034719119097,116.56328342659717,0.0
43124567,5,below_5,below,donothing,7217.216574372902,118.05035831637993,91.77635076138188,160.7811433480049,3691.5102558056833,0.0,15.926878975832542,12.723345202652057,19.634659067889135,7.673132149356441,5.492517097990966,11.236880655418027,94.45034719119097,73.56048846073885,129.90960362469775
43124567,6,below_5 + below_25,below,below,7457.883337207705,118.05035831637993,91.77635076138188,93.51167862625516,3691.5102558056833,5170.392269220772,15.926878975832542,12.723345202652057,11.343882711251883,7.673132149356441,5.492517097990966,5.554839343485306,94.45034719119097,73.56048846073885,76.61295657151796
43124567,7,below_5 + above_25,below,above,7459.536761556786,118.05035831637993,91.77635076138188,93.63415915620902,3691.5102558056833,5205.9138026952205,15.926878975832542,12.723345202652057,11.40784241221935,7.673132149356441,5.492517097990966,7.071054613473389,94.45034719119097,73.56048846073885,75.15526213051632
43124567,8,below_5 + even_25,below,even,7488.18968684746,118.05035831637993,91.77635076138188,85.44569160200706,3691.5102558056833,5821.482241263299,15.926878975832542,12.723345202652057,10.434662849698073,7.673132149356441,5.492517097990966,5.971739092396016,94.45034719119097,73.56048846073885,69.03928965991302
43124567,9,below_5 + clearcut_25,below,clearcut,13920.049648375378,118.05035831637993,91.77635076138188,0.046800000000000015,3691.5102558056833,12424.224572067333,15.926878975832542,12.723345202652057,0.046800000000000015,7.673132149356441,5.492517097990966,0.0,94.45034719119097,73.56048846073885,0.0
43124567,10,above_5,above,donothing,7481.229560818715,118.05035831637993,90.88989279424433,163.9074738385877,3932.8031587242135,0.0,15.926878975832542,10.572399638558391,16.205877083204648,7.673132149356441,6.538364736814844,13.60787531312952,94.45034719119097,73.77912841887107,134.0937214422536
43124567,11,above_5 + below_25,above,below,7728.844546422579,118.05035831637993,90.88989279424433,94.15269981674736,3932.8031587242135,5319.66521770265,15.926878975832542,10.572399638558391,9.412471006285653,7.673132149356441,6.538364736814844,6.952145696782096,94.45034719119097,73.77912841887107,77.7880831136796
43124567,12,above_5 + above_25,above,above,7734.931805932791,118.05035831637993,90.88989279424433,93.22059251072862,3932.8031587242135,5450.441562311333,15.926878975832542,10.572399638558391,9.091004547491382,7.673132149356441,6.538364736814844,8.325172725010804,94.45034719119097,73.77912841887107,75.80441523822641
43124567,13,above_5 + even_25,above,even,7755.537536462801,118.05035831637993,90.88989279424433,87.1071518042529,3932.8031587242135,5893.12716035183,15.926878975832542,10.572399638558391,8.612467522975361,7.673132149356441,6.538364736814844,7.2317828642848685,94.45034719119097,73.77912841887107,71.26290141699269
43124567,14,above_5 + clearcut_25,above,clearcut,14191.179909635084,118.05035831637993,90.88989279424433,0.046800000000000015,3932.8031587242135,12577.129369731092,15.926878975832542,10.572399638558391,0.046800000000000015,7.673132149356441,6.538364736814844,0.0,94.45034719119097,73.77912841887107,0.0
43124567,15,even_5,even,donothing,7582.269893974025,118.05035831637993,85.21784722711102,154.481156505208,4264.930141257972,0.0,15.926878975832542,10.66705992809548,16.55943198494629,7.673132149356441,5.721334068444113,11.986137027955763,94.45034719119097,68.8294532305714,125.93558749230603
43124567,16,even_5 + below_25,even,below,7797.6895319749265,118.05035831637993,85.21784722711102,94.05107114332918,4264.930141257972,4627.99273916647,15.926878975832542,10.66705992809548,10.137293503562988,7.673132149356441,5.721334068444113,6.471121948060269,94.45034719119097,68.8294532305714,77.44265569170591
43124567,17,even_5 + above_25,even,above,7803.434290729465,118.05035831637993,85.21784722711102,93.04653278363284,4264.930141257972,4751.410929128084,15.926878975832542,10.66705992809548,9.890267322687894,7.673132149356441,5.721334068444113,7.7358365182450575,94.45034719119097,68.8294532305714,75.4204289426999
43124567,18,even_5 + even_25,even,even,7809.08560939621,118.05035831637993,85.21784722711102,91.21957810476033,4264.930141257972,4872.821688142957,15.926878975832542,10.66705992809548,9.778178992790933,7.673132149356441,5.721334068444113,7.0776940536375985,94.45034719119097,68.8294532305714,74.36370505833179
43124567,19,even_5 + clearcut_25,even,clearcut,14260.662357392997,118.05035831637993,85.21784722711102,0.046800000000000015,4264.930141257972,11899.151884307981,15.926878975832542,10.66705992809548,0.046800000000000015,7.673132149356441,5.721334068444113,0.0,94.45034719119097,68.8294532305714,0.0
43124567,20,clearcut_5,clearcut,donothing,10282.911421836083,118.05035831637993,0.046800000000000015,60.14991952383336,10414.71549231513,0.0,15.926878975832542,0.046800000000000015,60.14991952383336,7.673132149356441,0.0,0.0,94.45034719119097,0.0,0.0
43124567,21,clearcut_5 + first_25,clearcut,first,10324.014871627489,118.05035831637993,0.046800000000000015,37.205791202029886,10414.71549231513,883.0507234839993,15.926878975832542,0.046800000000000015,37.205791202029886,7.673132149356441,0.0,0.0,94.45034719119097,0.0,0.0
43124568,0,donothing,donothing,donothing,3378.7652620904005,43.9259553501804,64.33519614743516,148.48376413086135,0.0,0.0,0.0,0.0,0.0,3.42287502604082,6.460006708218826,24.961918389550846,40.50308032413958,57.87518943921635,123.5218457413105
43124568,1,below_25,donothing,below,3679.200718165874,43.9259553501804,64.33519614743516,57.50725422088471,0.0,6454.439911832117,0.0,0.0,0.0,3.42287502604082,6.460006708218826,5.335051389351336,40.50308032413958,57.87518943921635,52.172202831533376
43124568,2,above_25,donothing,above,3710.496879559208,43.9259553501804,64.33519614743516,52.04065631796882,0.0,7126.794619305549,0.0,0.0,0.0,3.42287502604082,6.460006708218826,12.440982043350916,40.50308032413958,57.87518943921635,39.59967427461788
43124568,3,even_25,donothing,even,3705.1118018610855,43.9259553501804,64.33519614743516,51.773087257325095,0.0,7011.103678971476,0.0,0.0,0.0,3.42287502604082,6.460006708218826,8.703682765972095,40.50308032413958,57.87518943921635,43.06940449135298
43124568,4,clearcut_25,donothing,clearcut,7766.533677191996,43.9259553501804,64.33519614743516,0.02970000000000001,0.0,10764.427451239166,0.0,0.0,0.02970000000000001,3.42287502604082,6.460006708218826,0.0,40.50308032413958,57.87518943921635,0.0
43124568,5,below_5,below,donothing,3562.2027576107307,43.9259553501804,48.047867996184344,117.36666842916023,848.3605583193442,0.0,0.0,0.0,0.0,3.42287502604082,3.7992520676611288,16.20629423703621,40.50308032413958,44.24861592852321,101.16037419212402
43124568,6,below_5 + below_25,below,below,3769.6339444556984,43.9259553501804,48.047867996184344,56.92788300937626,848.3605583193442,4456.371923673783,0.0,0.0,0.0,3.42287502604082,3.7992520676611288,5.12074783456721,40.50308032413958,44.24861592852321,51.80713517480905
43124568,7,below_5 + above_25,below,above,3787.4550230177674,43.9259553501804,48.047867996184344,53.38882924260154,848.3605583193442,4839.233128690869,0.0,0.0,0.0,3.42287502604082,3.7992520676611288,9.422279506609277,40.50308032413958,44.24861592852321,43.96654973599224
43124568,8,below_5 + even_25,below,even,3794.9575149574734,43.9259553501804,48.047867996184344,50.52250230569569,848.3605583193442,5000.41378308635,0.0,0.0,0.0,3.42287502604082,3.7992520676611288,6.976278264656059,40.50308032413958,44.24861592852321,43.546224041039636
43124568,9,below_5 + clearcut_25,below,clearcut,7857.594956465182,43.9259553501804,48.047867996184344,0.02970000000000001,848.3605583193442,8779.852312079076,0.0,0.0,0.02970000000000001,3.42287502604082,3.7992520676611288,0.0,40.50308032413958,44.24861592852321,0.0
43124568,10,above_5,above,donothing,3780.922842875701,43.9259553501804,45.713947679493984,116.83888577336164,1149.7070523134857,0.0,0.0,0.0,0.0,3.42287502604082,5.275113318527994,23.183834791524685,40.50308032413958,40.43883436096601,93.65505098183694
43124568,11,above_5 + below_25,above,below,3987.6686712321625,43.9259553501804,45.713947679493984,55.36164628959444,1149.7070523134857,4441.647945219601,0.0,0.0,0.0,3.42287502604082,5.275113318527994,7.694452523676834,40.50308032413958,40.43883436096601,47.66719376591762
43124568,12,above_5 + above_25,above,above,4008.2037156368124,43.9259553501804,45.713947679493984,51.559291677417285,1149.7070523134857,4882.814949700294,0.0,0.0,0.0,3.42287502604082,5.275113318527994,13.156985805763586,40.50308032413958,40.43883436096601,38.402305871653695
43124568,13,above_5 + even_25,above,even,4008.7751121013657,43.9259553501804,45.713947679493984,50.29530917836769,1149.7070523134857,4895.0906118157445,0.0,0.0,0.0,3.42287502604082,5.275113318527994,9.979880679808568,40.50308032413958,40.43883436096601,40.31542849855913
43124568,14,above_5 + clearcut_25,above,clearcut,8067.707129758864,43.9259553501804,45.713947679493984,0.02970000000000001,1149.7070523134857,8594.923238424508,0.0,0.0,0.02970000000000001,3.42287502604082,5.275113318527994,0.0,40.50308032413958,40.43883436096601,0.0
43124568,15,even_5,even,donothing,3771.8334329335976,43.9259553501804,42.21032219233223,109.43956700613751,1291.9733986641243,0.0,0.0,0.0,0.0,3.42287502604082,4.238410401262371,19.134902521976414,40.50308032413958,37.97191179106986,90.30466448416107
43124568,16,even_5 + below_25,even,below,3952.45377983465,43.9259553501804,42.21032219233223,56.285766488286804,1291.9733986641243,3880.3781389713026,0.0,0.0,0.0,3.42287502604082,4.238410401262371,6.993403347007545,40.50308032413958,37.97191179106986,49.29236314127925
43124568,17,even_5 + above_25,even,above,3972.461262954711,43.9259553501804,42.21032219233223,52.225495329810585,1291.9733986641243,4310.211219501513,0.0,0.0,0.0,3.42287502604082,4.238410401262371,11.493717889065984,40.50308032413958,37.97191179106986,40.73177744074459
43124568,18,even_5 + even_25,even,even,3969.191698885049,43.9259553501804,42.21032219233223,52.34460563637785,1291.9733986641243,4239.969161186607,0.0,0.0,0.0,3.42287502604082,4.238410401262371,9.152164558063502,40.50308032413958,37.97191179106986,43.19244107831435
43124568,19,even_5 + clearcut_25,even,clearcut,8036.845107839014,43.9259553501804,42.21032219233223,0.02970000000000001,1291.9733986641243,8127.168807673574,0.0,0.0,0.02970000000000001,3.42287502604082,4.238410401262371,0.0,40.50308032413958,37.97191179106986,0.0
43124569,0,donothing,donothing,donothing,4265.062607907947,95.36124329165303,114.3946666293852,178.07567672449667,0.0,0.0,0.0,0.0,0.0,90.5018037531495,108.38660763370876,167.55259336053945,4.859439538503545,6.008058995676423,10.523083363957197
43124569,1,below_25,donothing,below,4521.498558025886,95.36124329165303,114.3946666293852,106.36752841727458,0.0,5509.171430332229,0.0,0.0,0.0,90.5018037531495,108.38660763370876,101.44101663866775,4.859439538503545,6.008058995676423,4.926511778606854
43124569,2,above_25,donothing,above,4529.810932593578,95.36124329165303,114.3946666293852,104.75811913273252,0.0,5687.751291952592,0.0,0.0,0.0,90.5018037531495,108.38660763370876,97.77423066289776,4.859439538503545,6.008058995676423,6.983888469834732
43124569,3,even_25,donothing,even,4527.458390080407,95.36124329165303,114.3946666293852,105.15190634904805,0.0,5637.210172440113,0.0,0.0,0.0,90.5018037531495,108.38660763370876,98.93813085346495,4.859439538503545,6.008058995676423,6.213775495583087
43124569,4,clearcut_25,donothing,clearcut,9499.209194992141,95.36124329165303,114.3946666293852,0.03510000000000001,0.0,13765.744847354423,0.0,0.0,0.03510000000000001,90.5018037531495,108.38660763370876,0.0,4.859439538503545,6.008058995676423,0.0
43124569,5,clearcut_5,clearcut,donothing,8466.399530589684,95.36124329165303,0.03510000000000001,45.11243964287502,8587.434719780766,0.0,0.0,0.03510000000000001,45.11243964287502,90.5018037531495,0.0,0.0,4.859439538503545,0.0,0.0
43124569,6,clearcut_5 + first_25,clearcut,first,8497.227117933244,95.36124329165303,0.03510000000000001,27.904343401522414,8587.434719780766,662.2880426129994,0.0,0.03510000000000001,27.904343401522414,90.5018037531495,0.0,0.0,4.859439538503545,0.0,0.0
43124570,0,donothing,donothing,donothing,6901.112545875033,165.222047562456,194.8445966360913,294.491156122151,0.0,0.0,8.2709042311523,9.45480907649616,13.770673622632565,156.95114333130368,185.38978755959513,280.7204824995184,0.0,0.0,0.0
43124570,1,below_25,donothing,below,7349.424618338151,165.222047562456,194.8445966360913,168.92549594155477,0.0,9631.364324506469,8.2709042311523,9.45480907649616,10.711423652985161,156.95114333130368,185.38978755959513,158.21407228856967,0.0,0.0,0.0
43124570,2,above_25,donothing,above,7363.828935426599,165.222047562456,194.8445966360913,166.17290474875242,0.0,9940.821138734793,8.2709042311523,9.45480907649616,5.477708279803018,156.95114333130368,185.38978755959513,160.6951964689494,0.0,0.0,0.0
43124570,3,even_25,donothing,even,7396.034017656974,165.222047562456,194.8445966360913,156.5046745007121,0.0,10632.702752266297,8.2709042311523,9.45480907649616,7.318300560685474,156.95114333130368,185.38978755959513,149.18637394002658,0.0,0.0,0.0
43124570,4,clearcut_25,donothing,clearcut,15377.468715823728,165.222047562456,194.8445966360913,0.056700000000000014,0.0,22692.345579246805,8.2709042311523,9.45480907649616,0.056700000000000014,156.95114333130368,185.38978755959513,0.0,0.0,0.0,0.0
43124570,5,clearcut_5,clearcut,donothing,14222.334686733111,165.222047562456,0.056700000000000014,72.87394096156734,14609.494298540054,0.0,8.2709042311523,0.056700000000000014,72.87394096156734,156.95114333130368,0.0,0.0,0.0,0.0,0.0
43124570,6,clearcut_5 + first_25,clearcut,first,14272.133097057316,165.222047562456,0.056700000000000014,45.07624703322852,14609.494298540054,1069.84991499023,8.2709042311523,0.056700000000000014,45.07624703322852,156.95114333130368,0.0,0.0,0.0,0.0,0.0
43124571,0,donothing,donothing,donothing,2631.8809405729594,73.87192063694751,81.56992301629298,109.98540452481025,0.0,0.0,73.87192063694751,81.56992301629298,109.98540452481025,0.0,0.0,0.0,0.0,0.0,0.0
43124571,1,below_25,donothing,below,2827.051297519958,73.87192063694751,81.56992301629298,53.275735603654695,0.0,4192.964964723621,73.87192063694751,81.56992301629298,53.275735603654695,0.0,0.0,0.0,0.0,0.0,0.0
43124571,2,above_25,donothing,above,2833.5297261870687,73.87192063694751,81.56992301629298,52.77321594658837,0.0,4332.145037212991,73.87192063694751,81.56992301629298,52.77321594658837,0.0,0.0,0.0,0.0,0.0,0.0
43124571,3,even_25,donothing,even,2831.8629030717834,73.87192063694751,81.56992301629298,52.60567802946273,0.0,4296.335649793173,73.87192063694751,81.56992301629298,52.60567802946273,0.0,0.0,0.0,0.0,0.0,0.0
43124571,4,clearcut_25,donothing,clearcut,5606.3498676071695,73.87192063694751,81.56992301629298,0.019800000000000005,0.0,8235.212038788291,73.87192063694751,81.56992301629298,0.019800000000000005,0.0,0.0,0.0,0.0,0.0,0.0
43124571,5,below_5,below,donothing,3854.75410668534,73.87192063694751,49.27572265865042,70.20694855191283,2289.6849992376665,0.0,73.87192063694751,49.27572265865042,70.20694855191283,0.0,0.0,0.0,0.0,0.0,0.0
43124571,6,below_5 + clearcut_25,below,clearcut,6694.620958020228,73.87192063694751,49.27572265865042,0.019800000000000005,2289.6849992376665,5343.472758219086,73.87192063694751,49.27572265865042,0.019800000000000005,0.0,0.0,0.0,0.0,0.0,0.0
43124571,7,above_5,above,donothing,3932.2941721191837,73.87192063694751,49.0337815620883,70.00582798451,2407.1374728650317,0.0,73.87192063694751,49.0337815620883,70.00582798451,0.0,0.0,0.0,0.0,0.0,0.0
43124571,8,above_5 + clearcut_25,above,clearcut,6767.591034857183,73.87192063694751,49.0337815620883,0.019800000000000005,2407.1374728650317,5245.292878980877,73.87192063694751,49.0337815620883,0.019800000000000005,0.0,0.0,0.0,0.0,0.0,0.0
43124571,9,even_5,even,donothing,3935.1683161030196,73.87192063694751,48.16622384189085,68.88154684440738,2424.163739481022,0.0,73.87192063694751,48.16622384189085,68.88154684440738,0.0,0.0,0.0,0.0,0.0,0.0
43124571,10,even_5 + clearcut_25,even,clearcut,6768.4839615684705,73.87192063694751,48.16622384189085,0.019800000000000005,2424.163739481022,5202.72916827579,73.87192063694751,48.16622384189085,0.019800000000000005,0.0,0.0,0.0,0.0,0.0,0.0
43124571,11,clearcut_5,clearcut,donothing,5838.584943136309,73.87192063694751,0.019800000000000005,25.44804287546796,5919.6692131596865,0.0,73.87192063694751,0.019800000000000005,25.44804287546796,0.0,0.0,0.0,0.0,0.0,0.0
43124571,12,clearcut_5 + first_25,clearcut,first,5855.974864201914,73.87192063694751,0.019800000000000005,15.74091166239726,5919.6692131596865,373.5983830124612,73.87192063694751,0.019800000000000005,15.74091166239726,0.0,0.0,0.0,0.0,0.0,0.0
43124572,0,donothing,donothing,donothing,12207.401742217064,307.5107634018181,353.8574177129633,533.2954088977442,0.0,0.0,236.003560265583,266.52678270891215,386.26727688723435,28.56776590077762,33.87508873926016,53.65666082919214,42.939437235457504,53.455546264790925,93.37147118131772
43124572,1,below_25,donothing,below,13175.289302736226,307.5107634018181,353.8574177129633,254.4446170295665,0.0,20793.724490398843,236.003560265583,266.52678270891215,191.41771963809774,28.56776590077762,33.87508873926016,28.59371644492027,42.939437235457504,53.455546264790925,34.433180946548454
43124572,2,above_25,donothing,above,13209.849350604389,307.5107634018181,353.8574177129633,250.71591387137522,0.0,21536.1992809212,236.003560265583,266.52678270891215,176.79299190725442,28.56776590077762,33.87508873926016,22.93435646217963,42.939437235457504,53.455546264790925,50.988565501941224
43124572,3,even_25,donothing,even,13274.385230255097,307.5107634018181,353.8574177129633,229.5661867740212,0.0,22922.663324825968,236.003560265583,266.52678270891215,166.27539699594533,28.56776590077762,33.87508873926016,23.097433085058633,42.939437235457504,53.455546264790925,40.19335669301725
43124572,4,clearcut_25,donothing,clearcut,26918.777401908,307.5107634018181,353.8574177129633,0.09810000000000003,0.0,40248.18891433096,236.003560265583,266.52678270891215,0.09810000000000003,28.56776590077762,33.87508873926016,0.0,42.939437235457504,53.455546264790925,0.0
43124572,5,below_5,below,donothing,16381.556857581581,307.5107634018181,232.7628457799628,369.95000207175036,8482.285484696626,0.0,236.003560265583,182.42700047110526,278.86509775175756,28.56776590077762,22.594375847526276,38.33004420417006,42.939437235457504,27.741469461331285,52.75486011582288
43124572,6,below_5 + below_25,below,below,16791.697861977336,307.5107634018181,232.7628457799628,253.645497286903,8482.285484696626,8811.311763368836,236.003560265583,182.42700047110526,193.9648666031559,28.56776590077762,22.594375847526276,28.054868342530217,42.939437235457504,27.741469461331285,31.62576234121691
43124572,7,below_5 + above_25,below,above,16799.479675821272,307.5107634018181,232.7628457799628,253.49719972183487,8482.285484696626,8978.493262240085,236.003560265583,182.42700047110526,189.47911713127283,28.56776590077762,22.594375847526276,25.21690523709602,42.939437235457504,27.741469461331285,38.80117735346625
43124572,8,below_5 + even_25,below,even,16835.047769795725,307.5107634018181,232.7628457799628,242.72419635927554,8482.285484696626,9742.624528021333,236.003560265583,182.42700047110526,182.96339063492815,28.56776590077762,22.594375847526276,25.148342002355975,42.939437235457504,27.741469461331285,34.61246372199139
43124572,9,below_5 + clearcut_25,below,clearcut,30538.166937717062,307.5107634018181,232.7628457799628,0.09810000000000003,8482.285484696626,28329.818342603496,236.003560265583,182.42700047110526,0.09810000000000003,28.56776590077762,22.594375847526276,0.0,42.939437235457504,27.741469461331285,0.0
43124572,10,above_5,above,donothing,16964.062460460744,307.5107634018181,229.43709729688342,371.48378844346274,9187.55967976725,0.0,236.003560265583,168.50247987213706,257.9071915531425,28.56776590077762,21.71070634992957,37.282271597974656,42.939437235457504,39.223911074816854,76.29432529234559
43124572,11,above_5 + below_25,above,below,17379.564281431558,307.5107634018181,229.43709729688342,252.11257674873787,9187.55967976725,8926.481487055884,236.003560265583,168.50247987213706,178.1657820795025,28.56776590077762,21.71070634992957,27.124062081178035,42.939437235457504,39.223911074816854,46.82273258805729
43124572,12,above_5 + above_25,above,above,17394.73446567296,307.5107634018181,229.43709729688342,250.60491114235901,9187.55967976725,9252.391896954301,236.003560265583,168.50247987213706,171.62825631831083,28.56776590077762,21.71070634992957,23.743413123078053,42.939437235457504,39.223911074816854,55.23324170097007
43124572,13,above_5 + even_25,above,even,17414.452779269424,307.5107634018181,229.43709729688342,243.73051359775602,9187.55967976725,9676.01257053794,236.003560265583,168.50247987213706,169.21290837801683,28.56776590077762,21.71070634992957,24.460898395431176,42.939437235457504,39.223911074816854,50.05670682430797
43124572,14,above_5 + clearcut_25,above,clearcut,31111.65656675072,307.5107634018181,229.43709729688342,0.09810000000000003,9187.55967976725,28136.122624419706,236.003560265583,168.50247987213706,0.09810000000000003,28.56776590077762,21.71070634992957,0.0,42.939437235457504,39.223911074816854,0.0
43124572,15,even_5,even,donothing,17509.270876203213,307.5107634018181,208.9492665853277,341.33415226703556,10487.200295221159,0.0,236.003560265583,157.38139992178557,244.13815893602677,28.56776590077762,20.00290114964573,34.75071575912162,42.939437235457504,31.564965513896404,62.44527757188696
43124572,16,even_5 + clearcut_25,even,clearcut,31556.993162416074,307.5107634018181,208.9492665853277,0.09810000000000003,10487.200295221159,25990.514812366862,236.003560265583,157.38139992178557,0.09810000000000003,28.56776590077762,20.00290114964573,0.0,42.939437235457504,31.564965513896404,0.0
43124572,17,clearcut_5,clearcut,donothing,24884.360694705527,307.5107634018181,0.09810000000000003,126.08348515572763,25609.143354792726,0.0,236.003560265583,0.09810000000000003,126.08348515572763,28.56776590077762,0.0,0.0,42.939437235457504,0.0,0.0
43124572,18,clearcut_5 + first_25,clearcut,first,24987.0687360766,307.5107634018181,0.09810000000000003,68.75140006657276,25609.143354792726,2206.540100663322,236.003560265583,0.09810000000000003,68.75140006657276,28.56776590077762,0.0,0.0,42.939437235457504,0.0,0.0
43124573,0,donothing,donothing,donothing,698.0982857996547,0.02520000000000001,0.9431396287731828,47.34447029550576,0.0,0.0,0.02520000000000001,0.9431396287731828,47.34447029550576,0.0,0.0,0.0,0.0,0.0,0.0
43124573,1,below_25,donothing,below,725.049384842576,0.02520000000000001,0.9431396287731828,31.957477316063855,0.0,579.0070572984384,0.02520000000000001,0.9431396287731828,31.957477316063855,0.0,0.0,0.0,0.0,0.0,0.0
43124573,2,above_25,donothing,above,725.2552744459288,0.02520000000000001,0.9431396287731828,31.839930277396416,0.0,583.4303104346367,0.02520000000000001,0.9431396287731828,31.839930277396416,0.0,0.0,0.0,0.0,0.0,0.0
43124573,3,first_25,donothing,first,729.730420299905,0.02520000000000001,0.9431396287731828,29.28496813179167,0.0,679.5726246224714,0.02520000000000001,0.9431396287731828,29.28496813179167,0.0,0.0,0.0,0.0,0.0,0.0
43124573,4,even_25,donothing,even,726.6166205263394,0.02520000000000001,0.9431396287731828,31.06270696088134,0.0,612.6769466006757,0.02520000000000001,0.9431396287731828,31.06270696088134,0.0,0.0,0.0,0.0,0.0,0.0
43124574,0,donothing,donothing,donothing,3553.2039472213146,54.53585218029749,73.18074839038967,147.29005602488212,0.0,0.0,9.185696005734513,11.350904372900763,19.895507340616415,7.902732565292128,10.958452404388478,26.527225355868097,37.44742360927086,50.8713916131004,100.86732332839762
43124574,1,below_25,donothing,below,3849.6873474581807,54.53585218029749,73.18074839038967,60.24166204680653,0.0,6369.5354625647315,9.185696005734513,11.350904372900763,6.169765809680797,7.902732565292128,10.958452404388478,7.817436839943736,37.44742360927086,50.8713916131004,46.254459397181996
43124574,2,above_25,donothing,above,3867.2328290043606,54.53585218029749,73.18074839038967,57.63698104207465,0.0,6746.47584717606,9.185696005734513,11.350904372900763,9.372575162306234,7.902732565292128,10.958452404388478,12.300741696340047,37.44742360927086,50.8713916131004,35.96366418342834
43124574,3,even_25,donothing,even,3865.202038482046,54.53585218029749,73.18074839038967,57.06318552999724,0.0,6702.847123818934,9.185696005734513,11.350904372900763,7.707927182804702,7.902732565292128,10.958452404388478,10.277190619183616,37.44742360927086,50.8713916131004,39.07806772800893
43124574,4,clearcut_25,donothing,clearcut,8184.796527682712,54.53585218029749,73.18074839038967,0.03150000000000001,0.0,10942.003451726507,9.185696005734513,11.350904372900763,0.03150000000000001,7.902732565292128,10.958452404388478,0.0,37.44742360927086,50.8713916131004,0.0
43124574,5,below_5,below,donothing,3986.750198817412,54.53585218029749,51.7210305589174,111.66592389895472,1293.2352554465147,0.0,9.185696005734513,7.912710809948997,14.797818092454758,7.902732565292128,6.9180975776610385,18.089914000225512,37.44742360927086,36.890222171307364,78.77819180627445
43124574,6,below_5 + below_25,below,below,4166.960963837117,54.53585218029749,51.7210305589174,59.679709083020086,1293.2352554465147,3871.5788391926376,9.185696005734513,7.912710809948997,5.839513197178106,7.902732565292128,6.9180975776610385,7.250991631647728,37.44742360927086,36.890222171307364,46.589204254194264
43124574,7,below_5 + above_25,below,above,4175.4520883086225,54.53585218029749,51.7210305589174,58.525908597130396,1293.2352554465147,4053.998895071324,9.185696005734513,7.912710809948997,8.983246504518895,7.902732565292128,6.9180975776610385,10.766261411010722,37.44742360927086,36.890222171307364,38.77640068160079
43124574,8,below_5 + even_25,below,even,4191.655211515024,54.53585218029749,51.7210305589174,53.40946523650596,1293.2352554465147,4402.100568841264,9.185696005734513,7.912710809948997,7.077750520385023,7.902732565292128,6.9180975776610385,8.652349787574463,37.44742360927086,36.890222171307364,37.679364928546484
43124574,9,below_5 + clearcut_25,below,clearcut,8501.785988239018,54.53585218029749,51.7210305589174,0.03150000000000001,1293.2352554465147,8437.942133832948,9.185696005734513,7.912710809948997,0.03150000000000001,7.902732565292128,6.9180975776610385,0.0,37.44742360927086,36.890222171307364,0.0
43124574,10,above_5,above,donothing,4158.478406784165,54.53585218029749,50.663828223245375,111.70080463792549,1516.341800150582,0.0,9.185696005734513,7.934423210379952,14.770201806364485,7.902732565292128,8.164735520134496,21.98589999838902,37.44742360927086,34.56466949273089,74.94470283317202
43124574,11,above_5 + below_25,above,below,4337.278421979352,54.53585218029749,50.663828223245375,59.340761240434624,1516.341800150582,3841.270831968991,9.185696005734513,7.934423210379952,6.069528849387317,7.902732565292128,8.164735520134496,9.39383592830171,37.44742360927086,34.56466949273089,43.87739646274559
43124574,12,above_5 + above_25,above,above,4350.142853721776,54.53585218029749,50.663828223245375,57.24910360457325,1516.341800150582,4117.64534104312,9.185696005734513,7.934423210379952,8.914930218652307,7.902732565292128,8.164735520134496,12.804311679381538,37.44742360927086,34.56466949273089,35.52986170653941
43124574,13,above_5 + even_25,above,even,4360.864115068403,54.53585218029749,50.663828223245375,53.42614858582541,1516.341800150582,4347.976800734388,9.185696005734513,7.934423210379952,7.064541736358535,7.902732565292128,8.164735520134496,10.515787812939475,37.44742360927086,34.56466949273089,35.845819036527395
43124574,14,above_5 + clearcut_25,above,clearcut,8668.685195930764,54.53585218029749,50.663828223245375,0.03150000000000001,1516.341800150582,8334.197747213675,9.185696005734513,7.934423210379952,0.03150000000000001,7.902732565292128,8.164735520134496,0.0,37.44742360927086,34.56466949273089,0.0
43124574,15,even_5,even,donothing,4155.030056335643,54.53585218029749,48.01388901893467,106.54233953316584,1621.9782033860156,0.0,9.185696005734513,7.447328359060188,14.010268063232132,7.902732565292128,7.18984062251928,19.528209014920346,37.44742360927086,33.37672003735519,73.00386245501336
43124574,16,even_5 + below_25,even,below,4317.134480466193,54.53585218029749,48.01388901893467,59.39024626939082,1621.9782033860156,3482.5891679374176,9.185696005734513,7.447328359060188,6.031990015183745,7.902732565292128,7.18984062251928,8.756849439222707,37.44742360927086,33.37672003735519,44.60140681498437
43124574,17,even_5 + above_25,even,above,4327.349108793185,54.53585218029749,48.01388901893467,57.80414142787232,1621.9782033860156,3702.036318481787,9.185696005734513,7.447328359060188,8.804066962702901,7.902732565292128,7.18984062251928,11.906658643837668,37.44742360927086,33.37672003735519,37.09341582133174
43124574,18,even_5 + even_25,even,even,4329.468149479688,54.53585218029749,48.01388901893467,56.620967463845226,1621.9782033860156,3747.560974460905,9.185696005734513,7.447328359060188,7.445630869792146,7.902732565292128,7.18984062251928,10.378090927098285,37.44742360927086,33.37672003735519,38.79724566695478
43124574,19,even_5 + clearcut_25,even,clearcut,8649.590407578413,54.53585218029749,48.01388901893467,0.03150000000000001,1621.9782033860156,7998.055686607032,9.185696005734513,7.447328359060188,0.03150000000000001,7.902732565292128,7.18984062251928,0.0,37.44742360927086,33.37672003735519,0.0
43124575,0,donothing,donothing,donothing,1391.7965369640888,10.97510677166613,18.47655968833731,53.00892846963631,0.0,0.0,0.0,0.0,0.0,10.97510677166613,18.47655968833731,53.00892846963631,0.0,0.0,0.0
43124575,1,clearcut_25,donothing,clearcut,4995.251971535578,10.97510677166613,18.47655968833731,0.026100000000000005,0.0,4035.8460914951215,0.0,0.0,0.026100000000000005,10.97510677166613,18.47655968833731,0.0,0.0,0.0,0.0
43124576,0,donothing,donothing,donothing,6755.61202315876,113.71844779771406,150.5509595106474,291.45864820889733,0.0,0.0,36.842537923330305,45.490532712611724,78.20411367000125,10.28632075520906,14.330170493650785,29.655310325235607,66.58958911917475,90.73025630438494,183.59922421366056
43124576,1,below_25,donothing,below,7303.187859451497,113.71844779771406,150.5509595106474,132.05978919242526,0.0,11763.908889751117,36.842537923330305,45.490532712611724,30.058937379335845,10.28632075520906,14.330170493650785,13.297279528257752,66.58958911917475,90.73025630438494,88.70357228483167
43124576,2,above_25,donothing,above,7325.622603711913,113.71844779771406,150.5509595106474,129.5822717745587,0.0,12245.88831607357,36.842537923330305,45.490532712611724,39.36000641620533,10.28632075520906,14.330170493650785,13.017102507569309,66.58958911917475,90.73025630438494,77.20516285078418
43124576,3,even_25,donothing,even,7333.1741406234505,113.71844779771406,150.5509595106474,125.46339112485559,0.0,12408.122633800947,36.842537923330305,45.490532712611724,33.66430662204831,10.28632075520906,14.330170493650785,12.765638697388368,66.58958911917475,90.73025630438494,79.0334458054189
43124576,4,clearcut_25,donothing,clearcut,17074.2715641426,113.71844779771406,150.5509595106474,0.07110000000000002,0.0,21786.493862453386,36.842537923330305,45.490532712611724,0.07110000000000002,10.28632075520906,14.330170493650785,0.0,66.58958911917475,90.73025630438494,0.0
43124576,5,clearcut_5,clearcut,donothing,10365.699250418837,113.71844779771406,0.07110000000000002,91.38160850736222,10007.142776077686,0.0,36.842537923330305,0.07110000000000002,91.38160850736222,10.28632075520906,0.0,0.0,66.58958911917475,0.0,0.0
43124576,6,clearcut_5 + first_25,clearcut,first,10440.139023522639,113.71844779771406,0.07110000000000002,49.828996378525204,10007.142776077686,1599.235485801857,36.842537923330305,0.07110000000000002,49.828996378525204,10.28632075520906,0.0,0.0,66.58958911917475,0.0,0.0
43124577,0,donothing,donothing,donothing,6737.859817192434,101.4032796471937,155.09094037881601,391.23507760843444,0.0,0.0,80.51690622448949,118.52295078520953,266.68817685471424,10.29685768760049,18.03620701330526,61.89037443956095,10.589515735103694,18.531782580301222,62.65652631415918
43124577,1,below_25,donothing,below,7276.625160821255,101.4032796471937,155.09094037881601,168.3859787850259,0.0,11574.62765032705,80.51690622448949,118.52295078520953,109.48156643968453,10.29685768760049,18.03620701330526,31.252552004407832,10.589515735103694,18.531782580301222,27.651860340933563
43124577,2,above_25,donothing,above,7373.172059020149,101.4032796471937,155.09094037881601,161.80073835861268,0.0,13648.804118173728,80.51690622448949,118.52295078520953,117.92115202276557,10.29685768760049,18.03620701330526,20.032777553041175,10.589515735103694,18.531782580301222,23.84680878280596
43124577,3,even_25,donothing,even,7357.3614176661185,101.4032796471937,155.09094037881601,151.5724850810126,0.0,13309.134373729546,80.51690622448949,118.52295078520953,103.32046388757189,10.29685768760049,18.03620701330526,23.977599129767803,10.589515735103694,18.531782580301222,24.274422063672922
43124578,0,donothing,donothing,donothing,2600.714413667985,48.9180568343428,60.82086946276621,107.11915197753346,0.0,0.0,12.31311853516594,14.308626546631796,22.338265489667215,20.582672622112064,25.99882872298287,48.41558935555735,16.022265677064798,20.513414193151554,36.36529713230892
43124578,1,clearcut_25,donothing,clearcut,7219.180340211056,48.9180568343428,60.82086946276621,0.032400000000000005,0.0,8129.671116412955,12.31311853516594,14.308626546631796,0.032400000000000005,20.582672622112064,25.99882872298287,0.0,16.022265677064798,20.513414193151554,0.0
43124579,0,donothing,donothing,donothing,911.5689797137924,0.03600000000000001,1.3473423268188327,67.63495756500822,0.0,0.0,0.03600000000000001,1.3473423268188327,67.63495756500822,0.0,0.0,0.0,0.0,0.0,0.0
43124579,1,below_25,donothing,below,950.0705497751088,0.03600000000000001,1.3473423268188327,45.653539022948365,0.0,827.1529389977692,0.03600000000000001,1.3473423268188327,45.653539022948365,0.0,0.0,0.0,0.0,0.0,0.0
43124579,2,above_25,donothing,above,950.3646777798982,0.03600000000000001,1.3473423268188327,45.48561468199488,0.0,833.471872049481,0.03600000000000001,1.3473423268188327,45.48561468199488,0.0,0.0,0.0,0.0,0.0,0.0
43124579,3,first_25,donothing,first,956.7577432855786,0.03600000000000001,1.3473423268188327,41.83566875970238,0.0,970.818035174959,0.03600000000000001,1.3473423268188327,41.83566875970238,0.0,0.0,0.0,0.0,0.0,0.0
43124579,4,even_25,donothing,even,952.3094578947699,0.03600000000000001,1.3473423268188327,44.37529565840191,0.0,875.252780858108,0.03600000000000001,1.3473423268188327,44.37529565840191,0.0,0.0,0.0,0.0,0.0,0.0
43124580,0,donothing,donothing,donothing,6498.395542475711,121.8241241770738,154.46536813707408,285.34148979250955,0.0,0.0,81.41402164167752,98.50534235468292,166.0691549034153,10.689556950810907,14.322555816554981,28.068883842178405,29.720545584585395,41.63746996583627,91.20345104691584
43124580,1,below_25,donothing,below,6874.524549730865,121.8241241770738,154.46536813707408,172.87299126381774,0.0,8080.61108411786,81.41402164167752,98.50534235468292,99.01698753520124,10.689556950810907,14.322555816554981,18.524791376739707,29.720545584585395,41.63746996583627,55.3312123518769
43124580,2,above_25,donothing,above,6898.611610629556,121.8241241770738,154.46536813707408,170.35571405407293,0.0,8598.088246281426,81.41402164167752,98.50534235468292,100.75767284071081,10.689556950810907,14.322555816554981,15.418778957116201,29.720545584585395,41.63746996583627,54.17926225624595
43124580,3,even_25,donothing,even,6897.075783272409,121.8241241770738,154.46536813707408,168.49129630757895,0.0,8565.093121401256,81.41402164167752,98.50534235468292,98.06217527891769,10.689556950810907,14.322555816554981,16.574395219967922,29.720545584585395,41.63746996583627,53.854725808693345
43124580,4,clearcut_25,donothing,clearcut,16776.51133569188,121.8241241770738,154.46536813707408,0.07110000000000002,0.0,20915.467562211586,81.41402164167752,98.50534235468292,0.07110000000000002,10.689556950810907,14.322555816554981,0.0,29.720545584585395,41.63746996583627,0.0
